Clinical Laboratory,ARVADA,824174.81
General Practice,ARVADA,252393.31
Ophthalmology,ARVADA,181036.41
Nephrology,ARVADA,155601.03
Nephrology,ARVADA,121818.62
Ophthalmology,ARVADA,120488.65
Nephrology,ARVADA,109210.66
Internal Medicine,ARVADA,103173.26
Family Practice,ARVADA,100428.50
Nephrology,ARVADA,89565.11
Pathology,ARVADA,87732.29
Nephrology,ARVADA,87657.30
Physician Assistant,ARVADA,77102.92
Interventional Pain Management,ARVADA,75131.96
Neurology,ARVADA,74492.33
Internal Medicine,ARVADA,72427.23
Podiatry,ARVADA,71499.67
Physical Therapist,ARVADA,65762.68
Pathology,ARVADA,65457.35
Family Practice,ARVADA,59981.20
Physical Therapist,ARVADA,58250.53
Ophthalmology,ARVADA,49339.18
Family Practice,ARVADA,46735.61
Otolaryngology,ARVADA,43456.99
Pathology,ARVADA,42997.18
Family Practice,ARVADA,42683.71
Pathology,ARVADA,40972.07
Family Practice,ARVADA,38270.81
Family Practice,ARVADA,36673.52
Otolaryngology,ARVADA,34133.51
Pathology,ARVADA,33086.27
Physical Therapist,ARVADA,31147.13
Physical Medicine and Rehabilitation,ARVADA,29761.57
Family Practice,ARVADA,29353.56
Clinical Laboratory,ARVADA,29157.11
Optometry,ARVADA,27195.77
Physical Therapist,ARVADA,24402.75
Physical Therapist,ARVADA,24046.45
Physical Therapist,ARVADA,23538.82
Physical Therapist,ARVADA,23488.53
Chiropractic,ARVADA,20215.33
Internal Medicine,ARVADA,19528.49
Optometry,ARVADA,18297.34
Occupational therapist,ARVADA,16264.46
Licensed Clinical Social Worker,ARVADA,15673.04
Nurse Practitioner,ARVADA,15486.76
Pathology,ARVADA,14012.31
Emergency Medicine,ARVADA,13628.17
Pathology,ARVADA,13492.62
Optometry,ARVADA,12496.91
Chiropractic,ARVADA,12461.84
Physician Assistant,ARVADA,12435.56
Physician Assistant,ARVADA,12192.72
Family Practice,ARVADA,12095.50
Otolaryngology,ARVADA,12025.29
Physical Therapist,ARVADA,10595.11
Chiropractic,ARVADA,10572.64
Family Practice,ARVADA,10168.47
Gynecological/Oncology,ARVADA,9557.65
Pathology,ARVADA,9529.85
Mass Immunization Roster Biller,ARVADA,9008.38
Clinical Psychologist,ARVADA,8566.87
Mass Immunization Roster Biller,ARVADA,7832.03
Family Practice,ARVADA,7141.59
Physician Assistant,ARVADA,6858.53
Family Practice,ARVADA,6829.57
Mass Immunization Roster Biller,ARVADA,6546.52
Mass Immunization Roster Biller,ARVADA,6414.69
Nurse Practitioner,ARVADA,6110.95
Mass Immunization Roster Biller,ARVADA,5874.05
Pathology,ARVADA,5824.00
Optometry,ARVADA,5491.78
Podiatry,ARVADA,5185.80
Mass Immunization Roster Biller,ARVADA,5109.09
Mass Immunization Roster Biller,ARVADA,5023.33
Chiropractic,ARVADA,4575.31
Mass Immunization Roster Biller,ARVADA,4552.69
Chiropractic,ARVADA,4337.73
Mass Immunization Roster Biller,ARVADA,3818.69
Pathology,ARVADA,3750.73
Obstetrics/Gynecology,ARVADA,3599.05
Nurse Practitioner,ARVADA,3584.51
Physical Therapist,ARVADA,3262.19
Mass Immunization Roster Biller,ARVADA,3163.56
Optometry,ARVADA,3091.20
Mass Immunization Roster Biller,ARVADA,2872.07
Mass Immunization Roster Biller,ARVADA,2837.61
Obstetrics/Gynecology,ARVADA,2787.26
Pathology,ARVADA,2688.61
Mass Immunization Roster Biller,ARVADA,2421.94
Obstetrics/Gynecology,ARVADA,2323.29
Chiropractic,ARVADA,2251.39
Chiropractic,ARVADA,2145.50
Optometry,ARVADA,2135.83
Mass Immunization Roster Biller,ARVADA,1794.00
Chiropractic,ARVADA,1745.30
Family Practice,ARVADA,1638.45
Mass Immunization Roster Biller,ARVADA,1219.60
Chiropractic,ARVADA,1162.98
Ophthalmology,ARVADA,1148.19
Mass Immunization Roster Biller,ARVADA,1121.28
Family Practice,ARVADA,989.00
Podiatry,ARVADA,899.68
Physician Assistant,ARVADA,872.85
Obstetrics/Gynecology,ARVADA,824.82
Obstetrics/Gynecology,ARVADA,787.22
Optometry,ARVADA,667.06
Mass Immunization Roster Biller,ARVADA,658.28
Physical Therapist,ARVADA,546.07
Ambulance Service Supplier,AURORA,4346311.67
Clinical Laboratory,AURORA,2036958.48
Clinical Laboratory,AURORA,986364.71
Obstetrics/Gynecology,AURORA,845150.64
Ambulance Service Supplier,AURORA,735453.75
Radiation Oncology,AURORA,726859.84
Cardiology,AURORA,696290.50
Hematology/Oncology,AURORA,691034.58
Radiation Oncology,AURORA,671826.64
Dermatology,AURORA,537951.15
Hematology/Oncology,AURORA,510288.71
Hematology/Oncology,AURORA,487619.49
Diagnostic Radiology,AURORA,481069.36
Ophthalmology,AURORA,459292.55
Internal Medicine,AURORA,449456.12
Slide Preparation Facility,AURORA,435850.92
Dermatology,AURORA,407362.04
Infectious Disease,AURORA,404590.08
Independent Diagnostic Testing Facility,AURORA,396196.94
Ophthalmology,AURORA,344973.57
Dermatology,AURORA,337837.10
Dermatology,AURORA,332572.43
Anesthesiology,AURORA,321813.27
Cardiology,AURORA,319650.98
Ophthalmology,AURORA,317506.23
Internal Medicine,AURORA,305747.23
Infectious Disease,AURORA,303100.44
Hematology/Oncology,AURORA,299058.13
Dermatology,AURORA,297027.76
Ophthalmology,AURORA,296188.82
Dermatology,AURORA,293008.85
Internal Medicine,AURORA,270429.31
Infectious Disease,AURORA,269392.60
Cardiology,AURORA,264953.38
Ophthalmology,AURORA,260772.73
Cardiology,AURORA,259680.17
Geriatric Medicine,AURORA,252979.33
Nurse Practitioner,AURORA,243909.21
Geriatric Medicine,AURORA,235477.29
Nephrology,AURORA,235027.28
Cardiology,AURORA,219939.68
Ophthalmology,AURORA,216015.39
Internal Medicine,AURORA,211955.37
Internal Medicine,AURORA,210829.01
Internal Medicine,AURORA,210035.59
Ophthalmology,AURORA,209926.60
Hematology/Oncology,AURORA,209225.18
Family Practice,AURORA,205383.15
Cardiology,AURORA,201616.68
Internal Medicine,AURORA,200974.00
Cardiology,AURORA,196425.02
Cardiology,AURORA,193365.12
Cardiology,AURORA,190778.15
Internal Medicine,AURORA,190518.77
Infectious Disease,AURORA,190028.78
Nurse Practitioner,AURORA,187756.71
Cardiology,AURORA,186585.83
Internal Medicine,AURORA,185400.16
Physical Therapist,AURORA,183837.38
Infectious Disease,AURORA,183085.34
Cardiology,AURORA,175531.19
Physician Assistant,AURORA,170990.52
Dermatology,AURORA,170476.78
Physician Assistant,AURORA,169927.43
Internal Medicine,AURORA,168300.81
Cardiac Surgery,AURORA,167826.75
Cardiology,AURORA,166920.97
Cardiology,AURORA,166849.13
Cardiology,AURORA,164678.78
Internal Medicine,AURORA,164459.59
Ophthalmology,AURORA,162730.84
Cardiology,AURORA,162656.76
Dermatology,AURORA,160381.00
Portable X-ray,AURORA,155204.93
Ophthalmology,AURORA,155040.65
Nephrology,AURORA,154462.91
Ophthalmology,AURORA,152760.92
Physician Assistant,AURORA,149019.02
Dermatology,AURORA,148922.67
Nurse Practitioner,AURORA,147737.82
Critical Care (Intensivists),AURORA,146834.30
Clinical Laboratory,AURORA,145366.52
Internal Medicine,AURORA,145091.34
Physician Assistant,AURORA,144914.96
Nephrology,AURORA,141233.41
Emergency Medicine,AURORA,140043.08
Internal Medicine,AURORA,139773.58
Physician Assistant,AURORA,138604.56
Orthopedic Surgery,AURORA,138028.75
Internal Medicine,AURORA,136538.26
Family Practice,AURORA,135974.81
Critical Care (Intensivists),AURORA,135815.63
Physician Assistant,AURORA,134489.27
Physician Assistant,AURORA,133504.42
Ophthalmology,AURORA,132977.00
Physician Assistant,AURORA,132551.62
Nephrology,AURORA,131716.57
Diagnostic Radiology,AURORA,130049.93
Nurse Practitioner,AURORA,128045.53
Nephrology,AURORA,126859.49
Internal Medicine,AURORA,114382.17
Physician Assistant,AURORA,114190.87
Cardiology,AURORA,113827.76
Geriatric Medicine,AURORA,113450.71
Family Practice,AURORA,113394.77
Pulmonary Disease,AURORA,113217.13
Independent Diagnostic Testing Facility,AURORA,113146.69
Physical Medicine and Rehabilitation,AURORA,113087.39
Neurology,AURORA,112134.78
Physician Assistant,AURORA,112090.44
Neurology,AURORA,110413.42
Internal Medicine,AURORA,109693.92
Physical Therapist,AURORA,109293.28
Emergency Medicine,AURORA,108758.81
Family Practice,AURORA,107943.38
Nurse Practitioner,AURORA,106586.23
Internal Medicine,AURORA,106504.12
Nurse Practitioner,AURORA,105292.16
Family Practice,AURORA,102055.21
Critical Care (Intensivists),AURORA,102021.31
Internal Medicine,AURORA,101728.44
Radiation Oncology,AURORA,101513.16
Physician Assistant,AURORA,100589.70
Ophthalmology,AURORA,100218.63
Dermatology,AURORA,100218.37
Dermatology,AURORA,98548.89
Internal Medicine,AURORA,97583.28
Cardiology,AURORA,97567.98
Physician Assistant,AURORA,96611.99
Podiatry,AURORA,96420.28
Family Practice,AURORA,95786.04
Clinical Laboratory,AURORA,95206.03
Clinical Laboratory,AURORA,95172.80
Cardiology,AURORA,94770.58
Emergency Medicine,AURORA,94138.95
Internal Medicine,AURORA,93825.80
Nephrology,AURORA,93765.30
Family Practice,AURORA,93148.42
Internal Medicine,AURORA,93107.09
Gastroenterology,AURORA,93017.90
Ophthalmology,AURORA,92884.73
Orthopedic Surgery,AURORA,92821.86
Internal Medicine,AURORA,91685.17
Nurse Practitioner,AURORA,91499.95
Emergency Medicine,AURORA,91497.60
Internal Medicine,AURORA,91493.41
Ophthalmology,AURORA,91259.55
Nurse Practitioner,AURORA,90004.88
Internal Medicine,AURORA,89922.81
Emergency Medicine,AURORA,89663.44
Internal Medicine,AURORA,89622.72
Neurosurgery,AURORA,89201.12
Cardiology,AURORA,88992.78
Emergency Medicine,AURORA,88692.56
Critical Care (Intensivists),AURORA,88038.80
Family Practice,AURORA,88018.18
Diagnostic Radiology,AURORA,87943.60
Internal Medicine,AURORA,87789.39
Physician Assistant,AURORA,87603.25
Nephrology,AURORA,87336.20
Neurosurgery,AURORA,87202.34
Critical Care (Intensivists),AURORA,87074.03
Internal Medicine,AURORA,86579.92
Emergency Medicine,AURORA,86510.11
Cardiology,AURORA,86481.36
Internal Medicine,AURORA,86326.44
Nurse Practitioner,AURORA,85707.48
Internal Medicine,AURORA,85636.13
Diagnostic Radiology,AURORA,85334.19
Internal Medicine,AURORA,84840.61
Internal Medicine,AURORA,84795.10
Diagnostic Radiology,AURORA,84579.75
Nephrology,AURORA,84567.33
Physician Assistant,AURORA,83762.03
Orthopedic Surgery,AURORA,83745.49
Internal Medicine,AURORA,83252.99
Internal Medicine,AURORA,82652.45
Internal Medicine,AURORA,82582.95
Internal Medicine,AURORA,82565.73
Independent Diagnostic Testing Facility,AURORA,82370.61
Ambulance Service Supplier,BOULDER,1083324.46
Ophthalmology,BOULDER,830709.24
Radiation Oncology,BOULDER,802622.76
Cardiology,BOULDER,618819.60
Medical Oncology,BOULDER,429488.13
Dermatology,BOULDER,406143.43
Hematology/Oncology,BOULDER,403761.63
Medical Oncology,BOULDER,352485.08
Cardiology,BOULDER,342291.09
Hematology/Oncology,BOULDER,337879.78
Ophthalmology,BOULDER,279938.24
Dermatology,BOULDER,270930.75
Ambulatory Surgical Center,BOULDER,261261.89
Geriatric Medicine,BOULDER,238711.74
Rheumatology,BOULDER,205253.77
Ambulatory Surgical Center,BOULDER,200703.99
Radiation Oncology,BOULDER,196592.56
Urology,BOULDER,192765.25
Ophthalmology,BOULDER,190284.74
Physical Medicine and Rehabilitation,BOULDER,187650.36
Hematology/Oncology,BOULDER,186999.28
Ophthalmology,BOULDER,176843.85
Geriatric Medicine,BOULDER,166616.61
Internal Medicine,BOULDER,163094.24
General Surgery,BOULDER,159689.39
Urology,BOULDER,154379.00
Cardiology,BOULDER,152348.22
Orthopedic Surgery,BOULDER,149711.52
Neurosurgery,BOULDER,149119.85
Physical Therapist,BOULDER,142937.03
Internal Medicine,BOULDER,131834.55
Urology,BOULDER,128043.66
Ophthalmology,BOULDER,125693.83
Physical Medicine and Rehabilitation,BOULDER,125391.79
Dermatology,BOULDER,124763.28
Pathology,BOULDER,120808.83
Cardiology,BOULDER,119656.54
Cardiology,BOULDER,117967.08
Cardiology,BOULDER,116901.05
Rheumatology,BOULDER,116775.19
Otolaryngology,BOULDER,114133.32
Pulmonary Disease,BOULDER,113053.73
Ophthalmology,BOULDER,111902.69
Cardiology,BOULDER,110537.84
Cardiology,BOULDER,110343.54
Urology,BOULDER,109366.48
Ambulatory Surgical Center,BOULDER,107866.53
Ophthalmology,BOULDER,106922.71
General Practice,BOULDER,106496.26
Dermatology,BOULDER,104967.21
Neurology,BOULDER,104930.43
Cardiology,BOULDER,104886.37
Pathology,BOULDER,104782.85
Cardiology,BOULDER,103456.75
Physical Medicine and Rehabilitation,BOULDER,102986.74
Pulmonary Disease,BOULDER,102950.68
Urology,BOULDER,102489.72
Neurology,BOULDER,101650.14
Cardiology,BOULDER,97364.24
Neurology,BOULDER,96773.40
Neurosurgery,BOULDER,96241.28
Otolaryngology,BOULDER,94751.30
Pulmonary Disease,BOULDER,93523.79
Hematology/Oncology,BOULDER,91060.91
Hematology/Oncology,BOULDER,88071.20
Internal Medicine,BOULDER,87122.77
Diagnostic Radiology,BOULDER,82831.17
Physical Medicine and Rehabilitation,BOULDER,80866.58
Internal Medicine,BOULDER,80596.94
Gastroenterology,BOULDER,79326.08
Cardiology,BOULDER,78574.77
General Surgery,BOULDER,77371.62
Physical Therapist,BOULDER,77172.03
Diagnostic Radiology,BOULDER,77012.27
Endocrinology,BOULDER,76066.30
Ophthalmology,BOULDER,75422.95
Diagnostic Radiology,BOULDER,75099.90
Gastroenterology,BOULDER,75021.59
Physical Medicine and Rehabilitation,BOULDER,73308.33
Family Practice,BOULDER,73307.05
Internal Medicine,BOULDER,72866.39
Dermatology,BOULDER,72559.02
Physical Therapist,BOULDER,71077.14
Physical Medicine and Rehabilitation,BOULDER,70086.58
Dermatology,BOULDER,67698.37
Pathology,BOULDER,66863.52
Physical Medicine and Rehabilitation,BOULDER,65692.92
Physical Medicine and Rehabilitation,BOULDER,64143.11
Psychiatry,BOULDER,64009.39
Dermatology,BOULDER,63324.66
Internal Medicine,BOULDER,62332.15
Internal Medicine,BOULDER,62325.45
Physical Therapist,BOULDER,61987.57
Diagnostic Radiology,BOULDER,61789.96
Neurology,BOULDER,60790.03
Gastroenterology,BOULDER,60589.66
Internal Medicine,BOULDER,60383.13
Internal Medicine,BOULDER,58863.27
Podiatry,BOULDER,58612.70
Internal Medicine,BOULDER,58564.87
Gastroenterology,BOULDER,58316.51
Orthopedic Surgery,BOULDER,58192.69
Diagnostic Radiology,BOULDER,58167.41
Orthopedic Surgery,BOULDER,57989.93
Diagnostic Radiology,BOULDER,57095.48
Diagnostic Radiology,BOULDER,56666.09
Emergency Medicine,BOULDER,56224.95
Diagnostic Radiology,BOULDER,55216.94
Pathology,BOULDER,54609.51
Physical Therapist,BOULDER,54574.45
Diagnostic Radiology,BOULDER,54412.67
Internal Medicine,BOULDER,53110.01
Clinical Psychologist,BOULDER,52993.78
Diagnostic Radiology,BOULDER,52972.28
Family Practice,BOULDER,52547.98
Internal Medicine,BOULDER,51437.67
Physical Therapist,BOULDER,51093.86
Family Practice,BOULDER,50756.61
Infectious Disease,BOULDER,49833.21
Physical Therapist,BOULDER,49782.91
Family Practice,BOULDER,49471.11
Physical Therapist,BOULDER,49365.61
Physician Assistant,BOULDER,49253.45
Orthopedic Surgery,BOULDER,49111.43
Internal Medicine,BOULDER,48779.43
Physical Medicine and Rehabilitation,BOULDER,48313.42
Physical Therapist,BOULDER,47948.17
Anesthesiology,BOULDER,47746.98
Orthopedic Surgery,BOULDER,47077.06
Diagnostic Radiology,BOULDER,46937.34
Orthopedic Surgery,BOULDER,46055.86
Orthopedic Surgery,BOULDER,45945.89
Family Practice,BOULDER,45606.11
Physical Medicine and Rehabilitation,BOULDER,45008.88
Family Practice,BOULDER,44974.63
Physical Therapist,BOULDER,43512.79
Physical Therapist,BOULDER,43452.96
Internal Medicine,BOULDER,43371.96
Nurse Practitioner,BOULDER,42880.62
Internal Medicine,BOULDER,42653.55
Physician Assistant,BOULDER,42365.45
Family Practice,BOULDER,41743.49
Dermatology,BOULDER,41648.10
Orthopedic Surgery,BOULDER,41126.39
Physical Therapist,BOULDER,40817.45
Physical Therapist,BOULDER,40730.41
Family Practice,BOULDER,40110.59
Pathology,BOULDER,39407.71
Physical Therapist,BOULDER,38775.70
Physical Medicine and Rehabilitation,BOULDER,38605.97
Family Practice,BOULDER,38337.63
Orthopedic Surgery,BOULDER,37816.57
Urology,BOULDER,36958.15
Physical Therapist,BOULDER,36760.50
Neurology,BOULDER,35949.13
Physical Therapist,BOULDER,35938.98
Family Practice,BOULDER,35904.54
Clinical Psychologist,BOULDER,35812.91
Allergy/Immunology,BOULDER,35699.86
Neurology,BOULDER,35283.53
Interventional Radiology,BOULDER,35279.94
Internal Medicine,BOULDER,35049.41
Physician Assistant,BOULDER,34987.56
Family Practice,BOULDER,34451.50
Diagnostic Radiology,BOULDER,34278.48
Internal Medicine,BOULDER,34268.42
Diagnostic Radiology,BOULDER,33768.05
Infectious Disease,BOULDER,33754.50
Orthopedic Surgery,BOULDER,33616.08
Physician Assistant,BOULDER,33157.20
Psychiatry,BOULDER,32514.03
Physician Assistant,BOULDER,32501.48
Family Practice,BOULDER,31945.66
Physical Therapist,BOULDER,31385.23
Internal Medicine,BOULDER,31384.99
Obstetrics/Gynecology,BOULDER,30590.35
Physician Assistant,BOULDER,30323.50
Physical Therapist,BOULDER,30271.33
Physical Therapist,BOULDER,30133.13
Podiatry,BOULDER,30127.89
Family Practice,BOULDER,29872.49
Physical Therapist,BOULDER,29756.05
Family Practice,BOULDER,29026.37
Emergency Medicine,BOULDER,29003.40
Internal Medicine,BOULDER,28992.92
Speech Language Pathologist,BOULDER,28952.32
Physical Therapist,BOULDER,28845.92
Family Practice,BOULDER,28702.62
Nurse Practitioner,BOULDER,28678.74
Independent Diagnostic Testing Facility,BOULDER,28634.70
Infectious Disease,BOULDER,28532.66
Orthopedic Surgery,BOULDER,28501.46
Physical Therapist,BOULDER,28447.70
Family Practice,BOULDER,28405.47
Physician Assistant,BOULDER,28312.95
Family Practice,BOULDER,27316.44
Family Practice,BOULDER,27193.57
Physician Assistant,BOULDER,26886.50
Diagnostic Radiology,BOULDER,26830.74
Internal Medicine,BOULDER,26725.20
Internal Medicine,BROOMFIELD,244672.98
Internal Medicine,BROOMFIELD,139132.63
Dermatology,BROOMFIELD,134162.41
Slide Preparation Facility,BROOMFIELD,128260.61
Ambulance Service Supplier,BROOMFIELD,116226.05
Physical Therapist,BROOMFIELD,56732.57
Pulmonary Disease,BROOMFIELD,54361.31
Physical Therapist,BROOMFIELD,51639.22
Diagnostic Radiology,BROOMFIELD,51183.91
Optometry,BROOMFIELD,49192.47
Internal Medicine,BROOMFIELD,47936.73
Otolaryngology,BROOMFIELD,47042.08
Pain Management,BROOMFIELD,43113.30
Physical Therapist,BROOMFIELD,43050.27
Physical Therapist,BROOMFIELD,41897.11
Plastic and Reconstructive Surgery,BROOMFIELD,41061.92
Family Practice,BROOMFIELD,40148.92
Physical Therapist,BROOMFIELD,38850.82
Emergency Medicine,BROOMFIELD,37793.22
Orthopedic Surgery,BROOMFIELD,36582.91
Family Practice,BROOMFIELD,36196.84
Family Practice,BROOMFIELD,34708.89
Physical Medicine and Rehabilitation,BROOMFIELD,32553.25
Podiatry,BROOMFIELD,29650.11
Family Practice,BROOMFIELD,27750.70
Physical Therapist,BROOMFIELD,25460.67
Physical Therapist,BROOMFIELD,25226.23
Physical Therapist,BROOMFIELD,24538.39
Physical Therapist,BROOMFIELD,24499.87
Internal Medicine,BROOMFIELD,22533.52
Physical Therapist,BROOMFIELD,20400.09
Interventional Pain Management,BROOMFIELD,18358.82
CRNA,BROOMFIELD,18202.03
Physical Therapist,BROOMFIELD,17957.95
Family Practice,BROOMFIELD,17390.08
Optometry,BROOMFIELD,16946.08
Physical Therapist,BROOMFIELD,16899.53
Physical Therapist,BROOMFIELD,14223.97
Nurse Practitioner,BROOMFIELD,14017.90
Family Practice,BROOMFIELD,13501.17
Mass Immunization Roster Biller,BROOMFIELD,12359.36
Optometry,BROOMFIELD,12310.23
Optometry,BROOMFIELD,10805.91
Clinical Psychologist,BROOMFIELD,10445.83
Podiatry,BROOMFIELD,10122.83
Chiropractic,BROOMFIELD,9968.08
Chiropractic,BROOMFIELD,9335.32
Chiropractic,BROOMFIELD,8513.76
Family Practice,BROOMFIELD,8329.93
Optometry,BROOMFIELD,7903.94
Family Practice,BROOMFIELD,7605.53
Physician Assistant,BROOMFIELD,6834.08
Family Practice,BROOMFIELD,6826.17
Chiropractic,BROOMFIELD,6815.21
Optometry,BROOMFIELD,6453.84
Mass Immunization Roster Biller,BROOMFIELD,5578.00
Optometry,BROOMFIELD,5363.77
Chiropractic,BROOMFIELD,4651.47
Family Practice,BROOMFIELD,4382.10
Optometry,BROOMFIELD,4326.83
Physical Therapist,BROOMFIELD,4102.97
Optometry,BROOMFIELD,3518.25
Mass Immunization Roster Biller,BROOMFIELD,3370.11
Chiropractic,BROOMFIELD,2765.56
Physician Assistant,BROOMFIELD,2706.36
Physician Assistant,BROOMFIELD,2638.82
Family Practice,BROOMFIELD,2537.53
Mass Immunization Roster Biller,BROOMFIELD,2497.84
Mass Immunization Roster Biller,BROOMFIELD,2273.35
Physician Assistant,BROOMFIELD,2237.19
Chiropractic,BROOMFIELD,2158.83
Chiropractic,BROOMFIELD,1920.28
Chiropractic,BROOMFIELD,1896.96
Chiropractic,BROOMFIELD,1890.86
Chiropractic,BROOMFIELD,1623.73
Obstetrics/Gynecology,BROOMFIELD,1491.50
Family Practice,BROOMFIELD,1419.75
Mass Immunization Roster Biller,BROOMFIELD,1241.00
Optometry,BROOMFIELD,1012.14
CRNA,BROOMFIELD,944.08
Ambulance Service Supplier,COLORADO SPRINGS,3899589.94
Ambulatory Surgical Center,COLORADO SPRINGS,2786634.31
Ophthalmology,COLORADO SPRINGS,1480917.46
Ophthalmology,COLORADO SPRINGS,1444861.04
Ophthalmology,COLORADO SPRINGS,1373847.64
Ambulatory Surgical Center,COLORADO SPRINGS,1172000.73
Dermatology,COLORADO SPRINGS,1073075.42
Ophthalmology,COLORADO SPRINGS,988774.63
Ophthalmology,COLORADO SPRINGS,931756.88
Medical Oncology,COLORADO SPRINGS,890381.11
Hematology/Oncology,COLORADO SPRINGS,849618.86
Medical Oncology,COLORADO SPRINGS,830672.31
Clinical Laboratory,COLORADO SPRINGS,812267.71
Ambulatory Surgical Center,COLORADO SPRINGS,805924.29
Hematology/Oncology,COLORADO SPRINGS,799557.53
Hematology/Oncology,COLORADO SPRINGS,763153.47
Dermatology,COLORADO SPRINGS,756187.21
Ambulatory Surgical Center,COLORADO SPRINGS,735134.67
Hematology/Oncology,COLORADO SPRINGS,733640.33
Hematology/Oncology,COLORADO SPRINGS,728864.84
Ophthalmology,COLORADO SPRINGS,686906.85
Hematology/Oncology,COLORADO SPRINGS,648074.43
Medical Oncology,COLORADO SPRINGS,631592.63
Ambulatory Surgical Center,COLORADO SPRINGS,581871.06
Independent Diagnostic Testing Facility,COLORADO SPRINGS,563240.44
Internal Medicine,COLORADO SPRINGS,550896.10
Ambulatory Surgical Center,COLORADO SPRINGS,546018.10
Family Practice,COLORADO SPRINGS,543145.42
Dermatology,COLORADO SPRINGS,506422.20
Thoracic Surgery,COLORADO SPRINGS,505492.87
Ambulatory Surgical Center,COLORADO SPRINGS,489590.10
Ophthalmology,COLORADO SPRINGS,480029.49
Ambulatory Surgical Center,COLORADO SPRINGS,476806.36
Ophthalmology,COLORADO SPRINGS,474922.43
Hematology/Oncology,COLORADO SPRINGS,465069.84
Independent Diagnostic Testing Facility,COLORADO SPRINGS,458069.41
Rheumatology,COLORADO SPRINGS,449620.86
Hematology/Oncology,COLORADO SPRINGS,449243.63
Allergy/Immunology,COLORADO SPRINGS,432720.92
Ophthalmology,COLORADO SPRINGS,421924.77
Dermatology,COLORADO SPRINGS,416894.33
Cardiology,COLORADO SPRINGS,412249.94
Ophthalmology,COLORADO SPRINGS,410940.03
Hematology/Oncology,COLORADO SPRINGS,404238.34
Rheumatology,COLORADO SPRINGS,403439.84
Obstetrics/Gynecology,COLORADO SPRINGS,397870.96
Internal Medicine,COLORADO SPRINGS,393555.90
Ophthalmology,COLORADO SPRINGS,391387.53
Orthopedic Surgery,COLORADO SPRINGS,381195.65
Ambulance Service Supplier,COLORADO SPRINGS,374406.06
Diagnostic Radiology,COLORADO SPRINGS,371094.62
Ophthalmology,COLORADO SPRINGS,362888.33
Physical Therapist,COLORADO SPRINGS,356439.74
Cardiology,COLORADO SPRINGS,353935.82
Orthopedic Surgery,COLORADO SPRINGS,342311.60
Ophthalmology,COLORADO SPRINGS,326790.77
Internal Medicine,COLORADO SPRINGS,320196.41
Interventional Pain Management,COLORADO SPRINGS,317096.00
Diagnostic Radiology,COLORADO SPRINGS,315771.60
Ambulatory Surgical Center,COLORADO SPRINGS,315168.97
Podiatry,COLORADO SPRINGS,308790.84
Cardiology,COLORADO SPRINGS,307674.15
Orthopedic Surgery,COLORADO SPRINGS,299561.20
Internal Medicine,COLORADO SPRINGS,295521.73
Diagnostic Radiology,COLORADO SPRINGS,294190.13
Internal Medicine,COLORADO SPRINGS,292774.10
Orthopedic Surgery,COLORADO SPRINGS,286000.93
Physical Therapist,COLORADO SPRINGS,284315.72
Cardiology,COLORADO SPRINGS,281520.88
Diagnostic Radiology,COLORADO SPRINGS,271747.30
Gastroenterology,COLORADO SPRINGS,261116.34
Dermatology,COLORADO SPRINGS,259724.60
Gastroenterology,COLORADO SPRINGS,259530.29
Orthopedic Surgery,COLORADO SPRINGS,259299.47
Vascular Surgery,COLORADO SPRINGS,258458.99
Dermatology,COLORADO SPRINGS,257155.07
Cardiology,COLORADO SPRINGS,251267.29
Dermatology,COLORADO SPRINGS,251003.26
Dermatology,COLORADO SPRINGS,250896.75
Family Practice,COLORADO SPRINGS,250690.86
Radiation Oncology,COLORADO SPRINGS,249217.07
Geriatric Medicine,COLORADO SPRINGS,248724.58
Physician Assistant,COLORADO SPRINGS,244046.61
Vascular Surgery,COLORADO SPRINGS,242123.90
Cardiology,COLORADO SPRINGS,240540.50
Diagnostic Radiology,COLORADO SPRINGS,239296.05
Orthopedic Surgery,COLORADO SPRINGS,235926.54
Dermatology,COLORADO SPRINGS,234701.29
Cardiac Electrophysiology,COLORADO SPRINGS,234576.21
Ambulatory Surgical Center,COLORADO SPRINGS,233254.20
Physical Medicine and Rehabilitation,COLORADO SPRINGS,231800.85
Ophthalmology,COLORADO SPRINGS,229869.45
Orthopedic Surgery,COLORADO SPRINGS,229300.20
Physical Medicine and Rehabilitation,COLORADO SPRINGS,227719.54
Gastroenterology,COLORADO SPRINGS,227409.66
Internal Medicine,COLORADO SPRINGS,226973.52
Neurology,COLORADO SPRINGS,226504.42
Rheumatology,COLORADO SPRINGS,226260.20
Dermatology,COLORADO SPRINGS,224681.73
Neurology,COLORADO SPRINGS,222693.76
Internal Medicine,COLORADO SPRINGS,220024.03
Nephrology,COLORADO SPRINGS,213917.56
Orthopedic Surgery,COLORADO SPRINGS,212855.83
Internal Medicine,COLORADO SPRINGS,212549.66
Ophthalmology,COLORADO SPRINGS,211819.22
Ambulatory Surgical Center,COLORADO SPRINGS,210000.06
Orthopedic Surgery,COLORADO SPRINGS,209857.66
Internal Medicine,COLORADO SPRINGS,209134.51
Diagnostic Radiology,COLORADO SPRINGS,208534.24
Orthopedic Surgery,COLORADO SPRINGS,205946.47
Cardiology,COLORADO SPRINGS,205356.33
Otolaryngology,COLORADO SPRINGS,204015.16
Infectious Disease,COLORADO SPRINGS,203265.71
Internal Medicine,COLORADO SPRINGS,197255.16
Orthopedic Surgery,COLORADO SPRINGS,197199.03
Physical Medicine and Rehabilitation,COLORADO SPRINGS,194856.85
Diagnostic Radiology,COLORADO SPRINGS,194803.31
Cardiology,COLORADO SPRINGS,193985.77
Orthopedic Surgery,COLORADO SPRINGS,193733.29
Diagnostic Radiology,COLORADO SPRINGS,192486.28
Internal Medicine,COLORADO SPRINGS,191413.51
Dermatology,COLORADO SPRINGS,190125.51
Cardiology,COLORADO SPRINGS,189584.27
Cardiology,COLORADO SPRINGS,187458.54
Nephrology,COLORADO SPRINGS,186356.70
Nephrology,COLORADO SPRINGS,186075.59
Nephrology,COLORADO SPRINGS,183488.91
Neurosurgery,COLORADO SPRINGS,183423.69
Urology,COLORADO SPRINGS,183177.50
Orthopedic Surgery,COLORADO SPRINGS,181690.14
Orthopedic Surgery,COLORADO SPRINGS,181322.33
Internal Medicine,COLORADO SPRINGS,180879.28
Cardiology,COLORADO SPRINGS,179898.43
Cardiology,COLORADO SPRINGS,178607.85
Orthopedic Surgery,COLORADO SPRINGS,177358.06
Diagnostic Radiology,COLORADO SPRINGS,177235.05
Diagnostic Radiology,COLORADO SPRINGS,177082.39
Radiation Oncology,COLORADO SPRINGS,176395.65
Podiatry,COLORADO SPRINGS,176175.05
Nephrology,COLORADO SPRINGS,174630.56
Cardiology,COLORADO SPRINGS,174435.83
Family Practice,COLORADO SPRINGS,173286.12
Radiation Oncology,COLORADO SPRINGS,172914.92
Orthopedic Surgery,COLORADO SPRINGS,172293.70
Cardiology,COLORADO SPRINGS,172116.74
Physical Therapist,COLORADO SPRINGS,170922.61
Pulmonary Disease,COLORADO SPRINGS,170719.90
Dermatology,COLORADO SPRINGS,170097.17
Orthopedic Surgery,COLORADO SPRINGS,169545.37
Physical Therapist,COLORADO SPRINGS,169076.43
Internal Medicine,COLORADO SPRINGS,168735.06
General Surgery,COLORADO SPRINGS,167412.04
Cardiology,COLORADO SPRINGS,167375.49
Diagnostic Radiology,COLORADO SPRINGS,165590.09
Nephrology,COLORADO SPRINGS,163834.25
Vascular Surgery,COLORADO SPRINGS,163474.75
Podiatry,COLORADO SPRINGS,162124.03
Radiation Oncology,COLORADO SPRINGS,160962.24
Pulmonary Disease,COLORADO SPRINGS,160834.80
Urology,COLORADO SPRINGS,160290.13
Diagnostic Radiology,COLORADO SPRINGS,160199.59
Cardiology,COLORADO SPRINGS,159195.54
Family Practice,COLORADO SPRINGS,159118.56
Infectious Disease,COLORADO SPRINGS,158906.20
Allergy/Immunology,COLORADO SPRINGS,158781.74
Ophthalmology,COLORADO SPRINGS,158755.63
Vascular Surgery,COLORADO SPRINGS,158605.56
Diagnostic Radiology,COLORADO SPRINGS,158249.24
Cardiology,COLORADO SPRINGS,158176.53
Vascular Surgery,COLORADO SPRINGS,157794.30
Pulmonary Disease,COLORADO SPRINGS,156981.76
Pulmonary Disease,COLORADO SPRINGS,156742.64
Orthopedic Surgery,COLORADO SPRINGS,154093.54
Gastroenterology,COLORADO SPRINGS,153765.39
Family Practice,COLORADO SPRINGS,152975.40
Internal Medicine,COLORADO SPRINGS,152421.80
Internal Medicine,COLORADO SPRINGS,152296.05
Pulmonary Disease,COLORADO SPRINGS,151730.12
Physical Medicine and Rehabilitation,COLORADO SPRINGS,151575.68
Infectious Disease,COLORADO SPRINGS,151503.16
Internal Medicine,COLORADO SPRINGS,151374.31
Diagnostic Radiology,COLORADO SPRINGS,150960.86
Pulmonary Disease,COLORADO SPRINGS,150125.41
Cardiology,COLORADO SPRINGS,149923.49
Nephrology,COLORADO SPRINGS,148157.57
Internal Medicine,COLORADO SPRINGS,147969.09
Infectious Disease,COLORADO SPRINGS,147455.50
Cardiology,COLORADO SPRINGS,147317.43
Ophthalmology,COLORADO SPRINGS,147107.47
Geriatric Medicine,COLORADO SPRINGS,147087.00
Dermatology,COLORADO SPRINGS,146531.66
Cardiac Electrophysiology,COLORADO SPRINGS,145994.21
Cardiology,COLORADO SPRINGS,144737.77
Neurology,COLORADO SPRINGS,144716.71
Ambulatory Surgical Center,COLORADO SPRINGS,143961.19
Ophthalmology,COLORADO SPRINGS,142619.60
Urology,COLORADO SPRINGS,141602.43
Internal Medicine,COLORADO SPRINGS,141338.36
Urology,COLORADO SPRINGS,141305.99
Internal Medicine,COLORADO SPRINGS,141146.43
Clinical Laboratory,DENVER,14601141.77
Clinical Laboratory,DENVER,8667932.01
Clinical Laboratory,DENVER,3866454.58
Ambulance Service Supplier,DENVER,3007021.50
Clinical Laboratory,DENVER,1872510.41
Portable X-ray,DENVER,1536548.05
Ambulatory Surgical Center,DENVER,1347150.86
Rheumatology,DENVER,1237910.04
Rheumatology,DENVER,1232640.21
Portable X-ray,DENVER,1164440.83
Radiation Oncology,DENVER,1108632.28
Nephrology,DENVER,1108099.57
Dermatology,DENVER,1093006.16
Otolaryngology,DENVER,1042145.55
Ambulance Service Supplier,DENVER,1003217.46
Ambulatory Surgical Center,DENVER,984012.20
Nephrology,DENVER,965050.16
Rheumatology,DENVER,935390.29
Ophthalmology,DENVER,887633.38
Rheumatology,DENVER,870558.77
Hematology/Oncology,DENVER,844725.48
Ambulatory Surgical Center,DENVER,840866.89
Ambulatory Surgical Center,DENVER,770829.90
Ophthalmology,DENVER,767575.63
Rheumatology,DENVER,751413.25
Ambulatory Surgical Center,DENVER,745549.32
Ophthalmology,DENVER,702479.23
Dermatology,DENVER,688364.28
Dermatology,DENVER,668349.02
Hematology/Oncology,DENVER,625952.74
Rheumatology,DENVER,617817.11
Ambulatory Surgical Center,DENVER,602571.47
Medical Oncology,DENVER,569683.26
Hematology/Oncology,DENVER,543642.12
Ophthalmology,DENVER,517139.93
Ophthalmology,DENVER,497042.19
Hematology/Oncology,DENVER,471527.97
Ophthalmology,DENVER,438572.44
Ophthalmology,DENVER,395344.73
Ophthalmology,DENVER,380040.17
Hematology/Oncology,DENVER,377997.36
Hematology/Oncology,DENVER,374967.65
Hematology/Oncology,DENVER,369401.78
Diagnostic Radiology,DENVER,367613.10
Cardiology,DENVER,361452.89
Rheumatology,DENVER,359279.14
Ophthalmology,DENVER,354327.71
Ophthalmology,DENVER,346322.37
Hematology/Oncology,DENVER,345506.95
Medical Oncology,DENVER,341040.71
Ophthalmology,DENVER,328521.10
Neurology,DENVER,325738.17
Hematology/Oncology,DENVER,323074.38
Hematology/Oncology,DENVER,323059.12
Rheumatology,DENVER,313643.69
Ophthalmology,DENVER,312475.51
Rheumatology,DENVER,311702.16
Orthopedic Surgery,DENVER,301201.00
Ophthalmology,DENVER,299506.47
Ambulatory Surgical Center,DENVER,297841.03
Orthopedic Surgery,DENVER,283331.87
Ophthalmology,DENVER,251242.71
Ophthalmology,DENVER,250761.92
Ophthalmology,DENVER,247598.04
Ophthalmology,DENVER,247172.62
Cardiology,DENVER,246547.93
Cardiology,DENVER,245729.46
Obstetrics/Gynecology,DENVER,245571.79
Urology,DENVER,245288.80
Orthopedic Surgery,DENVER,239716.11
Dermatology,DENVER,233656.96
Hematology/Oncology,DENVER,230964.89
Cardiology,DENVER,229479.44
Orthopedic Surgery,DENVER,226315.62
Dermatology,DENVER,226137.33
Family Practice,DENVER,226069.45
Internal Medicine,DENVER,220614.65
Ophthalmology,DENVER,220348.05
Ambulatory Surgical Center,DENVER,218752.68
Clinical Psychologist,DENVER,218306.96
Hematology/Oncology,DENVER,217147.40
Dermatology,DENVER,216624.58
Orthopedic Surgery,DENVER,214586.29
Physical Therapist,DENVER,213405.04
Cardiology,DENVER,213345.01
Ophthalmology,DENVER,211508.46
Hematology/Oncology,DENVER,210559.77
Radiation Oncology,DENVER,209792.74
Hematology/Oncology,DENVER,207610.61
Cardiology,DENVER,205058.88
Ophthalmology,DENVER,204242.85
Orthopedic Surgery,DENVER,203703.06
Orthopedic Surgery,DENVER,203158.22
Cardiology,DENVER,202508.78
Dermatology,DENVER,199543.14
Orthopedic Surgery,DENVER,199119.34
Rheumatology,DENVER,198882.12
Ophthalmology,DENVER,198844.80
Urology,DENVER,197868.01
Ambulatory Surgical Center,DENVER,197219.78
Urology,DENVER,194335.23
Internal Medicine,DENVER,194091.84
Internal Medicine,DENVER,191824.16
Cardiology,DENVER,191101.65
Neurology,DENVER,188734.52
Ophthalmology,DENVER,187391.19
Pulmonary Disease,DENVER,187334.17
Ophthalmology,DENVER,181557.61
Urology,DENVER,181344.87
Ophthalmology,DENVER,180727.75
Ophthalmology,DENVER,180640.50
Infectious Disease,DENVER,178357.76
Internal Medicine,DENVER,177773.78
Radiation Oncology,DENVER,177689.12
Dermatology,DENVER,177598.01
Urology,DENVER,175396.07
Family Practice,DENVER,174870.24
Ophthalmology,DENVER,174638.88
Ophthalmology,DENVER,174408.29
Internal Medicine,DENVER,174033.49
Internal Medicine,DENVER,169281.64
Physical Therapist,DENVER,163206.97
Vascular Surgery,DENVER,162366.97
Family Practice,DENVER,161312.89
Diagnostic Radiology,DENVER,161300.70
Orthopedic Surgery,DENVER,160886.27
Ophthalmology,DENVER,158777.13
Interventional Radiology,DENVER,158488.94
Urology,DENVER,155351.58
Nephrology,DENVER,153350.62
Medical Oncology,DENVER,151077.97
Pathology,DENVER,150899.12
Nephrology,DENVER,150343.36
Ambulance Service Supplier,DENVER,149430.47
Orthopedic Surgery,DENVER,149326.09
Geriatric Medicine,DENVER,148702.85
Ophthalmology,DENVER,145195.30
Diagnostic Radiology,DENVER,144677.55
Otolaryngology,DENVER,143583.15
Internal Medicine,DENVER,142396.52
Radiation Oncology,DENVER,141389.28
Nephrology,DENVER,139744.24
Cardiology,DENVER,139428.46
Orthopedic Surgery,DENVER,139199.90
Internal Medicine,DENVER,138939.45
Otolaryngology,DENVER,138237.96
Vascular Surgery,DENVER,138160.49
Nephrology,DENVER,137960.63
Podiatry,DENVER,137437.74
Family Practice,DENVER,137309.58
Dermatology,DENVER,136615.58
Internal Medicine,DENVER,136302.29
Vascular Surgery,DENVER,135857.68
Nephrology,DENVER,134778.91
Urology,DENVER,134762.51
Neurology,DENVER,133290.36
Internal Medicine,DENVER,133273.90
Ophthalmology,DENVER,132541.21
Pulmonary Disease,DENVER,132217.52
Nephrology,DENVER,131528.31
Anesthesiology,DENVER,131487.14
Pain Management,DENVER,130228.90
Cardiology,DENVER,129448.83
Nephrology,DENVER,129267.98
Orthopedic Surgery,DENVER,129259.02
Nephrology,DENVER,128950.10
Urology,DENVER,128460.90
Physician Assistant,DENVER,127614.44
Ambulatory Surgical Center,DENVER,126580.89
Internal Medicine,DENVER,126516.40
Urology,DENVER,125232.89
Internal Medicine,DENVER,124987.31
Nephrology,DENVER,124975.59
Emergency Medicine,DENVER,123985.78
Urology,DENVER,123573.87
Hand Surgery,DENVER,123030.13
Internal Medicine,DENVER,122826.21
Internal Medicine,DENVER,122733.29
Nurse Practitioner,DENVER,121249.54
Internal Medicine,DENVER,120155.90
Internal Medicine,DENVER,119955.75
Emergency Medicine,DENVER,119712.72
Nephrology,DENVER,119280.23
Ophthalmology,DENVER,118673.30
Nephrology,DENVER,118665.74
Ophthalmology,DENVER,117963.69
Urology,DENVER,117068.32
Diagnostic Radiology,DENVER,116483.89
Geriatric Medicine,DENVER,116183.24
Radiation Oncology,DENVER,115982.85
Ophthalmology,DENVER,115521.02
Urology,DENVER,114161.43
Ophthalmology,DENVER,113543.34
Ambulance Service Supplier,DENVER,113062.52
Internal Medicine,DENVER,112785.22
Physician Assistant,DENVER,112705.53
Nephrology,DENVER,111868.82
Internal Medicine,DENVER,110405.59
Ambulatory Surgical Center,DENVER,109461.39
Podiatry,DENVER,109143.58
Ambulatory Surgical Center,FORT COLLINS,2480089.89
Ambulatory Surgical Center,FORT COLLINS,1753482.75
Neurology,FORT COLLINS,1170160.58
Ophthalmology,FORT COLLINS,1131134.56
Independent Diagnostic Testing Facility,FORT COLLINS,1020307.44
Hematology/Oncology,FORT COLLINS,1003298.49
Orthopedic Surgery,FORT COLLINS,937948.42
Hematology/Oncology,FORT COLLINS,860858.14
Dermatology,FORT COLLINS,846603.59
Rheumatology,FORT COLLINS,813755.82
Independent Diagnostic Testing Facility,FORT COLLINS,773791.54
Dermatology,FORT COLLINS,744350.01
Ophthalmology,FORT COLLINS,686177.31
Medical Oncology,FORT COLLINS,636703.98
Ambulatory Surgical Center,FORT COLLINS,552358.81
Ophthalmology,FORT COLLINS,499228.33
Ophthalmology,FORT COLLINS,494938.75
Dermatology,FORT COLLINS,481328.51
Ophthalmology,FORT COLLINS,464984.44
Occupational therapist,FORT COLLINS,422882.27
Interventional Pain Management,FORT COLLINS,414539.97
Ophthalmology,FORT COLLINS,358766.85
Ophthalmology,FORT COLLINS,322423.37
Orthopedic Surgery,FORT COLLINS,305967.59
Orthopedic Surgery,FORT COLLINS,305918.14
Orthopedic Surgery,FORT COLLINS,304409.58
Radiation Oncology,FORT COLLINS,290283.55
Orthopedic Surgery,FORT COLLINS,286442.69
Clinical Psychologist,FORT COLLINS,282348.66
Internal Medicine,FORT COLLINS,233470.50
Pathology,FORT COLLINS,224223.55
Emergency Medicine,FORT COLLINS,216070.01
Neurology,FORT COLLINS,214848.48
Cardiology,FORT COLLINS,213333.39
Cardiology,FORT COLLINS,213218.18
Cardiology,FORT COLLINS,205526.41
Ophthalmology,FORT COLLINS,199112.25
Physical Medicine and Rehabilitation,FORT COLLINS,195977.34
Ophthalmology,FORT COLLINS,187309.49
Urology,FORT COLLINS,186504.68
Neurosurgery,FORT COLLINS,181906.39
Cardiology,FORT COLLINS,181896.19
Podiatry,FORT COLLINS,179673.48
Neurosurgery,FORT COLLINS,179281.76
Ambulatory Surgical Center,FORT COLLINS,175604.87
Cardiology,FORT COLLINS,174991.48
Cardiology,FORT COLLINS,174580.06
Orthopedic Surgery,FORT COLLINS,173139.43
Cardiac Electrophysiology,FORT COLLINS,170917.74
Cardiology,FORT COLLINS,169986.63
General Surgery,FORT COLLINS,169376.30
Orthopedic Surgery,FORT COLLINS,169020.88
Family Practice,FORT COLLINS,165442.16
Orthopedic Surgery,FORT COLLINS,165293.15
Urology,FORT COLLINS,165154.68
Cardiology,FORT COLLINS,164796.16
Cardiology,FORT COLLINS,160989.24
Cardiology,FORT COLLINS,157003.59
Cardiology,FORT COLLINS,155904.89
Neurology,FORT COLLINS,155475.04
Internal Medicine,FORT COLLINS,155383.26
Cardiology,FORT COLLINS,154466.25
Internal Medicine,FORT COLLINS,153663.93
Podiatry,FORT COLLINS,149287.71
Nephrology,FORT COLLINS,146460.12
Infectious Disease,FORT COLLINS,142519.58
Urology,FORT COLLINS,142077.37
Urology,FORT COLLINS,141368.72
Cardiology,FORT COLLINS,140833.36
Cardiology,FORT COLLINS,140327.87
Internal Medicine,FORT COLLINS,135359.50
Interventional Pain Management,FORT COLLINS,132579.16
Diagnostic Radiology,FORT COLLINS,132574.93
Internal Medicine,FORT COLLINS,131278.99
Gastroenterology,FORT COLLINS,130115.91
Diagnostic Radiology,FORT COLLINS,129244.24
Podiatry,FORT COLLINS,126744.08
Urology,FORT COLLINS,125246.18
Orthopedic Surgery,FORT COLLINS,125243.23
Dermatology,FORT COLLINS,123502.42
Internal Medicine,FORT COLLINS,122393.29
Ophthalmology,FORT COLLINS,121864.39
Gastroenterology,FORT COLLINS,121110.95
Gastroenterology,FORT COLLINS,120966.41
Family Practice,FORT COLLINS,120474.82
Orthopedic Surgery,FORT COLLINS,120254.17
Diagnostic Radiology,FORT COLLINS,119832.63
Cardiology,FORT COLLINS,119221.75
Infectious Disease,FORT COLLINS,116384.10
Nurse Practitioner,FORT COLLINS,116366.37
Neurology,FORT COLLINS,115684.34
Gastroenterology,FORT COLLINS,115126.77
Internal Medicine,FORT COLLINS,112999.68
Internal Medicine,FORT COLLINS,112282.32
Physical Therapist,FORT COLLINS,110827.63
Internal Medicine,FORT COLLINS,109571.57
Physical Therapist,FORT COLLINS,109350.42
Internal Medicine,FORT COLLINS,107117.45
Critical Care (Intensivists),FORT COLLINS,106736.19
Neurosurgery,FORT COLLINS,106605.37
Gastroenterology,FORT COLLINS,105709.04
Orthopedic Surgery,FORT COLLINS,104669.64
Internal Medicine,FORT COLLINS,104323.88
Urology,FORT COLLINS,104231.66
Physician Assistant,FORT COLLINS,103238.05
Internal Medicine,FORT COLLINS,103147.58
Podiatry,FORT COLLINS,102030.49
Internal Medicine,FORT COLLINS,101061.34
Diagnostic Radiology,FORT COLLINS,100198.03
Podiatry,FORT COLLINS,100112.10
Otolaryngology,FORT COLLINS,99960.19
Family Practice,FORT COLLINS,99834.91
Critical Care (Intensivists),FORT COLLINS,99262.65
Otolaryngology,FORT COLLINS,97729.27
Internal Medicine,FORT COLLINS,97442.59
Critical Care (Intensivists),FORT COLLINS,97235.21
Radiation Oncology,FORT COLLINS,96870.56
Pulmonary Disease,FORT COLLINS,96624.91
Ophthalmology,FORT COLLINS,95906.93
Internal Medicine,FORT COLLINS,95816.91
Diagnostic Radiology,FORT COLLINS,94151.85
Critical Care (Intensivists),FORT COLLINS,93829.50
Internal Medicine,FORT COLLINS,93820.81
Otolaryngology,FORT COLLINS,93735.94
Diagnostic Radiology,FORT COLLINS,93611.25
Clinical Laboratory,FORT COLLINS,92802.28
Diagnostic Radiology,FORT COLLINS,92363.40
Critical Care (Intensivists),FORT COLLINS,91936.15
Internal Medicine,FORT COLLINS,89940.63
Internal Medicine,FORT COLLINS,89783.94
Physical Medicine and Rehabilitation,FORT COLLINS,88982.68
Diagnostic Radiology,FORT COLLINS,87921.37
Diagnostic Radiology,FORT COLLINS,87821.94
Internal Medicine,FORT COLLINS,87811.74
Orthopedic Surgery,FORT COLLINS,87740.65
Otolaryngology,FORT COLLINS,87524.55
Internal Medicine,FORT COLLINS,86916.04
Orthopedic Surgery,FORT COLLINS,86693.25
Infectious Disease,FORT COLLINS,86216.49
Internal Medicine,FORT COLLINS,85409.50
Nurse Practitioner,FORT COLLINS,85198.99
Critical Care (Intensivists),FORT COLLINS,84920.55
Diagnostic Radiology,FORT COLLINS,84555.67
Diagnostic Radiology,FORT COLLINS,84381.94
Internal Medicine,FORT COLLINS,84311.92
Interventional Pain Management,FORT COLLINS,84302.33
Podiatry,FORT COLLINS,83995.96
Diagnostic Radiology,FORT COLLINS,83681.76
Ophthalmology,FORT COLLINS,83024.89
Hematology/Oncology,FORT COLLINS,82298.30
Orthopedic Surgery,FORT COLLINS,81372.63
Family Practice,FORT COLLINS,81266.13
Diagnostic Radiology,FORT COLLINS,80698.06
Physical Therapist,FORT COLLINS,80661.83
Emergency Medicine,FORT COLLINS,79433.26
Interventional Radiology,FORT COLLINS,79043.40
Hematology/Oncology,FORT COLLINS,78959.25
Diagnostic Radiology,FORT COLLINS,78742.25
Hematology/Oncology,FORT COLLINS,78697.43
Gastroenterology,FORT COLLINS,78605.09
Family Practice,FORT COLLINS,78368.79
Physical Therapist,FORT COLLINS,78295.07
Critical Care (Intensivists),FORT COLLINS,76747.36
Orthopedic Surgery,FORT COLLINS,76564.05
CRNA,FORT COLLINS,76073.47
Emergency Medicine,FORT COLLINS,75026.58
Family Practice,FORT COLLINS,74581.30
Family Practice,FORT COLLINS,74225.53
Family Practice,FORT COLLINS,73708.99
Cardiology,FORT COLLINS,73617.81
Internal Medicine,FORT COLLINS,73577.73
Internal Medicine,FORT COLLINS,73425.87
Diagnostic Radiology,FORT COLLINS,72759.34
Emergency Medicine,FORT COLLINS,72035.78
Physical Therapist,FORT COLLINS,71802.54
Diagnostic Radiology,FORT COLLINS,71587.23
Orthopedic Surgery,FORT COLLINS,71346.67
Family Practice,FORT COLLINS,70810.22
Family Practice,FORT COLLINS,69416.80
Emergency Medicine,FORT COLLINS,69310.63
Diagnostic Radiology,FORT COLLINS,69112.24
CRNA,FORT COLLINS,68997.45
Diagnostic Radiology,FORT COLLINS,68408.23
Hematology/Oncology,FORT COLLINS,67503.67
Ambulatory Surgical Center,FORT COLLINS,67010.09
Diagnostic Radiology,FORT COLLINS,66570.70
Diagnostic Radiology,FORT COLLINS,65756.44
Family Practice,FORT COLLINS,64878.86
Internal Medicine,FORT COLLINS,64530.80
Diagnostic Radiology,FORT COLLINS,64284.58
Internal Medicine,FORT COLLINS,63297.36
Internal Medicine,FORT COLLINS,63217.11
Emergency Medicine,FORT COLLINS,63147.79
Internal Medicine,FORT COLLINS,62522.49
Emergency Medicine,FORT COLLINS,61808.92
Clinical Psychologist,FORT COLLINS,61503.21
Internal Medicine,FORT COLLINS,61298.58
Emergency Medicine,FORT COLLINS,61260.35
Allergy/Immunology,FORT COLLINS,60187.91
Family Practice,FORT COLLINS,59658.80
Hematology/Oncology,GOLDEN,827675.40
Ambulatory Surgical Center,GOLDEN,566182.36
Ambulatory Surgical Center,GOLDEN,536452.13
Family Practice,GOLDEN,428832.88
Ophthalmology,GOLDEN,292175.63
Orthopedic Surgery,GOLDEN,234612.53
Orthopedic Surgery,GOLDEN,165716.32
Orthopedic Surgery,GOLDEN,149902.92
Physician Assistant,GOLDEN,141296.50
Orthopedic Surgery,GOLDEN,134213.37
Orthopedic Surgery,GOLDEN,124672.64
Orthopedic Surgery,GOLDEN,117851.63
Sports Medicine,GOLDEN,116555.82
Dermatology,GOLDEN,113392.80
Physical Medicine and Rehabilitation,GOLDEN,110519.25
Anesthesiology,GOLDEN,104877.94
Physical Therapist,GOLDEN,92379.20
Pain Management,GOLDEN,89605.53
Physical Medicine and Rehabilitation,GOLDEN,75543.36
CRNA,GOLDEN,70983.61
Orthopedic Surgery,GOLDEN,69435.64
Sports Medicine,GOLDEN,68949.84
Dermatology,GOLDEN,65170.23
Hand Surgery,GOLDEN,61606.38
Internal Medicine,GOLDEN,57025.92
Orthopedic Surgery,GOLDEN,56828.99
Internal Medicine,GOLDEN,56300.92
Sports Medicine,GOLDEN,54785.54
Sports Medicine,GOLDEN,54372.86
General Practice,GOLDEN,49095.91
Physical Therapist,GOLDEN,48664.87
Physical Therapist,GOLDEN,47151.78
Physical Therapist,GOLDEN,45443.49
Orthopedic Surgery,GOLDEN,44593.42
Osteopathic Manipulative Medicine,GOLDEN,43382.06
Sports Medicine,GOLDEN,42766.32
Physical Therapist,GOLDEN,42227.66
Physical Therapist,GOLDEN,41688.63
Family Practice,GOLDEN,41163.51
Occupational therapist,GOLDEN,38442.08
Orthopedic Surgery,GOLDEN,37854.02
Sports Medicine,GOLDEN,36203.91
Physical Therapist,GOLDEN,35930.82
Licensed Clinical Social Worker,GOLDEN,34189.90
Physical Therapist,GOLDEN,33873.23
Emergency Medicine,GOLDEN,33094.77
Physical Therapist,GOLDEN,32785.34
Sports Medicine,GOLDEN,30364.82
Orthopedic Surgery,GOLDEN,30037.88
Orthopedic Surgery,GOLDEN,29669.69
Physical Therapist,GOLDEN,29193.96
Orthopedic Surgery,GOLDEN,29055.19
Physical Therapist,GOLDEN,25747.24
Anesthesiology,GOLDEN,24107.30
Internal Medicine,GOLDEN,22725.27
Licensed Clinical Social Worker,GOLDEN,22205.51
Anesthesiology,GOLDEN,21668.90
Sports Medicine,GOLDEN,21643.11
Physical Therapist,GOLDEN,20168.76
Dermatology,GOLDEN,19705.10
Orthopedic Surgery,GOLDEN,19437.39
Physical Therapist,GOLDEN,18648.06
Anesthesiology,GOLDEN,18442.67
Physical Therapist,GOLDEN,18075.44
Physical Therapist,GOLDEN,17180.58
Sports Medicine,GOLDEN,16174.17
Physician Assistant,GOLDEN,14998.17
Hand Surgery,GOLDEN,14434.01
Physical Therapist,GOLDEN,14124.36
Anesthesiology,GOLDEN,13825.64
Anesthesiology,GOLDEN,13386.44
Anesthesiology,GOLDEN,13236.13
CRNA,GOLDEN,12501.09
Anesthesiology,GOLDEN,12032.91
Anesthesiology,GOLDEN,12024.63
Anesthesiology,GOLDEN,11203.63
Anesthesiology,GOLDEN,10944.10
Orthopedic Surgery,GOLDEN,10689.52
Anesthesiology,GOLDEN,10344.19
Optometry,GOLDEN,9874.65
Anesthesiology,GOLDEN,9812.19
Anesthesiology,GOLDEN,9703.42
Physician Assistant,GOLDEN,9572.22
Physician Assistant,GOLDEN,9537.23
Anesthesiology,GOLDEN,9463.82
Optometry,GOLDEN,9274.54
Physician Assistant,GOLDEN,8613.32
Physician Assistant,GOLDEN,8529.62
Physical Therapist,GOLDEN,8506.20
Physical Therapist,GOLDEN,8335.92
Physician Assistant,GOLDEN,8297.34
Orthopedic Surgery,GOLDEN,8234.64
Anesthesiology,GOLDEN,7964.72
Physical Therapist,GOLDEN,7706.76
Mass Immunization Roster Biller,GOLDEN,7492.47
Anesthesiology,GOLDEN,7484.34
Anesthesiology,GOLDEN,7454.24
Anesthesiology,GOLDEN,7425.24
Physician Assistant,GOLDEN,7242.13
Mass Immunization Roster Biller,GOLDEN,7147.44
Anesthesiology,GOLDEN,7119.00
Anesthesiology,GOLDEN,7016.38
Physician Assistant,GOLDEN,6458.04
Mass Immunization Roster Biller,GOLDEN,6077.76
Family Practice,GOLDEN,6069.60
Physician Assistant,GOLDEN,5820.91
Anesthesiology,GOLDEN,5461.53
Physician Assistant,GOLDEN,5379.59
Anesthesiology,GOLDEN,5324.76
Anesthesiology,GOLDEN,5210.97
Anesthesiology,GOLDEN,5081.40
Physical Therapist,GOLDEN,4862.60
Physical Therapist,GOLDEN,4751.79
Physician Assistant,GOLDEN,4687.17
Physician Assistant,GOLDEN,4555.39
Anesthesiology,GOLDEN,4356.46
Chiropractic,GOLDEN,4090.44
Physician Assistant,GOLDEN,4084.17
Anesthesiology,GOLDEN,3934.93
Anesthesiology,GOLDEN,3932.03
Physician Assistant,GOLDEN,3911.99
Physician Assistant,GOLDEN,3884.81
Anesthesiology,GOLDEN,3778.86
Occupational therapist,GOLDEN,3682.11
Physician Assistant,GOLDEN,3519.61
Family Practice,GOLDEN,3244.86
Optometry,GOLDEN,3244.83
Family Practice,GOLDEN,3162.12
Orthopedic Surgery,GOLDEN,3157.04
CRNA,GOLDEN,2962.85
Occupational therapist,GOLDEN,2745.83
Physician Assistant,GOLDEN,2089.64
Physician Assistant,GOLDEN,1732.86
Physician Assistant,GOLDEN,1323.28
Physician Assistant,GOLDEN,1187.98
Physician Assistant,GOLDEN,896.59
Family Practice,GOLDEN,830.94
Nurse Practitioner,GOLDEN,525.14
Chiropractic,GOLDEN,395.08
CRNA,GOLDEN,364.32
Anesthesiology,GOLDEN,337.51
Ophthalmology,GREELEY,1517592.37
Ambulance Service Supplier,GREELEY,734450.22
Rheumatology,GREELEY,697406.56
Rheumatology,GREELEY,680808.25
Rheumatology,GREELEY,651099.48
Ambulatory Surgical Center,GREELEY,611820.32
Ophthalmology,GREELEY,483052.80
Ambulance Service Supplier,GREELEY,427073.23
Orthopedic Surgery,GREELEY,419454.20
Interventional Pain Management,GREELEY,413174.44
Neurology,GREELEY,373568.27
Ophthalmology,GREELEY,296885.18
Ophthalmology,GREELEY,274521.81
Dermatology,GREELEY,270896.79
Cardiology,GREELEY,266636.20
Internal Medicine,GREELEY,221523.16
Cardiology,GREELEY,183694.16
Radiation Oncology,GREELEY,168841.23
Cardiology,GREELEY,167674.24
Internal Medicine,GREELEY,167378.92
Internal Medicine,GREELEY,158069.89
Cardiology,GREELEY,157112.23
Ophthalmology,GREELEY,138836.18
Ophthalmology,GREELEY,137925.22
Urology,GREELEY,137143.52
Cardiology,GREELEY,134174.79
Urology,GREELEY,132198.98
Neurology,GREELEY,131219.00
Internal Medicine,GREELEY,124734.24
Physician Assistant,GREELEY,124145.95
Pathology,GREELEY,120095.15
Cardiology,GREELEY,119413.33
Internal Medicine,GREELEY,118977.68
Cardiology,GREELEY,118015.57
Gastroenterology,GREELEY,117799.66
Pulmonary Disease,GREELEY,115558.39
Cardiology,GREELEY,109426.41
Internal Medicine,GREELEY,107936.48
Pulmonary Disease,GREELEY,102238.12
Urology,GREELEY,102195.36
Internal Medicine,GREELEY,101325.89
Diagnostic Radiology,GREELEY,97836.06
Orthopedic Surgery,GREELEY,97440.26
Diagnostic Radiology,GREELEY,95897.39
Internal Medicine,GREELEY,93576.52
Internal Medicine,GREELEY,92666.41
Hematology/Oncology,GREELEY,91591.42
Family Practice,GREELEY,90198.18
Hematology/Oncology,GREELEY,88715.00
Family Practice,GREELEY,88588.74
Physical Therapist,GREELEY,86045.45
Family Practice,GREELEY,85751.18
Family Practice,GREELEY,84967.55
Family Practice,GREELEY,84620.91
Internal Medicine,GREELEY,83469.18
Pathology,GREELEY,83423.23
Pathology,GREELEY,82434.34
Family Practice,GREELEY,81449.07
Podiatry,GREELEY,81060.47
Otolaryngology,GREELEY,80401.51
Medical Oncology,GREELEY,79509.92
Ophthalmology,GREELEY,78901.89
Diagnostic Radiology,GREELEY,78878.93
Internal Medicine,GREELEY,78020.81
Family Practice,GREELEY,77839.56
Gastroenterology,GREELEY,76980.97
Physician Assistant,GREELEY,76396.09
Internal Medicine,GREELEY,75796.35
Internal Medicine,GREELEY,74934.31
Physician Assistant,GREELEY,74916.47
Pulmonary Disease,GREELEY,74291.38
Physician Assistant,GREELEY,71547.39
Ophthalmology,GREELEY,71476.15
Family Practice,GREELEY,70364.37
Physical Medicine and Rehabilitation,GREELEY,68554.68
Cardiology,GREELEY,68303.50
Physical Medicine and Rehabilitation,GREELEY,67260.11
Orthopedic Surgery,GREELEY,66116.66
Family Practice,GREELEY,65351.19
Pulmonary Disease,GREELEY,64295.95
Gastroenterology,GREELEY,63849.65
Orthopedic Surgery,GREELEY,63293.64
Cardiac Surgery,GREELEY,62149.95
Physical Therapist,GREELEY,62053.90
Anesthesiology,GREELEY,60982.00
Cardiology,GREELEY,60121.51
Family Practice,GREELEY,60097.37
Family Practice,GREELEY,58949.93
Emergency Medicine,GREELEY,57626.55
Otolaryngology,GREELEY,56866.15
Emergency Medicine,GREELEY,55082.62
Family Practice,GREELEY,54154.68
Orthopedic Surgery,GREELEY,52366.46
Internal Medicine,GREELEY,52172.77
Orthopedic Surgery,GREELEY,52120.17
Nurse Practitioner,GREELEY,52044.50
Gastroenterology,GREELEY,51968.13
Family Practice,GREELEY,50624.42
Orthopedic Surgery,GREELEY,50516.78
General Surgery,GREELEY,50270.37
Family Practice,GREELEY,50116.79
Podiatry,GREELEY,48774.15
Family Practice,GREELEY,48499.18
Physical Therapist,GREELEY,47360.11
Family Practice,GREELEY,47184.89
Emergency Medicine,GREELEY,46388.20
Anesthesiology,GREELEY,46282.97
Physical Therapist,GREELEY,46249.06
Physical Therapist,GREELEY,45556.13
Orthopedic Surgery,GREELEY,44698.58
Physician Assistant,GREELEY,44668.13
Physical Medicine and Rehabilitation,GREELEY,44279.44
Nurse Practitioner,GREELEY,44194.90
Family Practice,GREELEY,44161.95
Family Practice,GREELEY,44109.63
Otolaryngology,GREELEY,43828.69
Psychiatry,GREELEY,43806.58
Physical Therapist,GREELEY,43730.32
General Surgery,GREELEY,43411.27
General Surgery,GREELEY,42112.93
Internal Medicine,GREELEY,41491.35
Physician Assistant,GREELEY,41376.21
Family Practice,GREELEY,41175.64
Neurology,GREELEY,40727.99
Physician Assistant,GREELEY,40588.89
Otolaryngology,GREELEY,40245.81
Physical Therapist,GREELEY,40045.85
Cardiac Surgery,GREELEY,40008.21
Emergency Medicine,GREELEY,38365.46
Allergy/Immunology,GREELEY,38136.21
General Surgery,GREELEY,37841.71
Family Practice,GREELEY,36850.93
General Surgery,GREELEY,36697.86
Family Practice,GREELEY,36603.46
Family Practice,GREELEY,36534.86
Cardiology,GREELEY,36532.39
Public Health Welfare Agency,GREELEY,35442.31
Nurse Practitioner,GREELEY,35376.34
Physician Assistant,GREELEY,35250.76
Anesthesiology,GREELEY,34648.77
Family Practice,GREELEY,34252.76
Family Practice,GREELEY,33621.18
General Surgery,GREELEY,33578.67
Nurse Practitioner,GREELEY,33571.97
Physician Assistant,GREELEY,32803.32
Chiropractic,GREELEY,32779.72
General Surgery,GREELEY,32378.69
Family Practice,GREELEY,32364.03
Family Practice,GREELEY,31940.62
Physician Assistant,GREELEY,31853.74
Family Practice,GREELEY,31433.56
Physical Therapist,GREELEY,31344.23
General Surgery,GREELEY,31078.61
Family Practice,GREELEY,30724.65
Chiropractic,GREELEY,30623.56
Family Practice,GREELEY,30455.04
Family Practice,GREELEY,30069.83
Emergency Medicine,GREELEY,30032.79
Family Practice,GREELEY,29805.00
Nurse Practitioner,GREELEY,29518.10
Nurse Practitioner,GREELEY,29261.11
Clinical Psychologist,GREELEY,29196.38
Family Practice,GREELEY,29147.48
Chiropractic,GREELEY,29076.18
Podiatry,GREELEY,28542.59
Internal Medicine,GREELEY,28483.72
Physician Assistant,GREELEY,28480.25
Physical Therapist,GREELEY,28382.49
Physician Assistant,GREELEY,28226.56
Family Practice,GREELEY,27800.55
Physical Therapist,GREELEY,27625.92
Family Practice,GREELEY,27385.40
Psychiatry,GREELEY,27280.06
Emergency Medicine,GREELEY,27051.17
Nurse Practitioner,GREELEY,26772.73
Physician Assistant,GREELEY,26690.31
Physician Assistant,GREELEY,26594.17
Anesthesiology,GREELEY,26513.06
Chiropractic,GREELEY,26496.26
Psychiatry,GREELEY,26251.90
Family Practice,GREELEY,25951.41
Psychiatry,GREELEY,25358.44
Family Practice,GREELEY,25159.82
Emergency Medicine,GREELEY,24728.23
Mass Immunization Roster Biller,GREELEY,24667.02
Family Practice,GREELEY,24647.63
Chiropractic,GREELEY,24472.03
Allergy/Immunology,GREELEY,23696.03
Physician Assistant,GREELEY,23467.54
Family Practice,GREELEY,23100.76
Nurse Practitioner,GREELEY,23042.50
Physician Assistant,GREELEY,22467.67
Nurse Practitioner,GREELEY,22031.43
Neurology,GREELEY,21875.20
General Surgery,GREELEY,21726.66
Emergency Medicine,GREELEY,21592.15
Family Practice,GREELEY,21567.05
Nurse Practitioner,GREELEY,21241.52
Family Practice,GREELEY,20414.92
Emergency Medicine,GREELEY,20214.53
Rheumatology,HIGHLANDS RANCH,852599.99
Ophthalmology,HIGHLANDS RANCH,221154.77
Internal Medicine,HIGHLANDS RANCH,150745.71
Cardiology,HIGHLANDS RANCH,110452.62
Internal Medicine,HIGHLANDS RANCH,104905.21
Family Practice,HIGHLANDS RANCH,104317.92
Emergency Medicine,HIGHLANDS RANCH,98820.81
Physical Therapist,HIGHLANDS RANCH,77682.08
Internal Medicine,HIGHLANDS RANCH,73116.47
General Practice,HIGHLANDS RANCH,72729.57
Family Practice,HIGHLANDS RANCH,59429.60
Physical Therapist,HIGHLANDS RANCH,58585.62
Family Practice,HIGHLANDS RANCH,56835.96
Internal Medicine,HIGHLANDS RANCH,50222.29
Psychiatry,HIGHLANDS RANCH,49669.10
Physical Therapist,HIGHLANDS RANCH,46901.42
Neurology,HIGHLANDS RANCH,45091.85
Optometry,HIGHLANDS RANCH,44666.18
Family Practice,HIGHLANDS RANCH,40996.57
Nurse Practitioner,HIGHLANDS RANCH,33820.42
Optometry,HIGHLANDS RANCH,29934.42
Physical Therapist,HIGHLANDS RANCH,29257.49
Physical Therapist,HIGHLANDS RANCH,26606.57
Family Practice,HIGHLANDS RANCH,24783.65
Licensed Clinical Social Worker,HIGHLANDS RANCH,23290.49
Physical Therapist,HIGHLANDS RANCH,22876.63
Psychiatry,HIGHLANDS RANCH,19605.66
Physical Therapist,HIGHLANDS RANCH,16166.17
Psychiatry,HIGHLANDS RANCH,15636.58
Psychiatry,HIGHLANDS RANCH,14692.02
Family Practice,HIGHLANDS RANCH,14521.81
Speech Language Pathologist,HIGHLANDS RANCH,13007.22
Psychiatry,HIGHLANDS RANCH,10708.37
Optometry,HIGHLANDS RANCH,10566.98
Neurology,HIGHLANDS RANCH,9850.74
Optometry,HIGHLANDS RANCH,9503.03
Psychiatry,HIGHLANDS RANCH,9402.45
Family Practice,HIGHLANDS RANCH,9311.61
Family Practice,HIGHLANDS RANCH,9094.65
Mass Immunization Roster Biller,HIGHLANDS RANCH,9085.85
Family Practice,HIGHLANDS RANCH,8706.59
Physical Therapist,HIGHLANDS RANCH,8634.47
Family Practice,HIGHLANDS RANCH,7916.34
Preventive Medicine,HIGHLANDS RANCH,7573.43
Mass Immunization Roster Biller,HIGHLANDS RANCH,5521.25
Chiropractic,HIGHLANDS RANCH,5137.27
Mass Immunization Roster Biller,HIGHLANDS RANCH,5123.13
Podiatry,HIGHLANDS RANCH,5060.93
Mass Immunization Roster Biller,HIGHLANDS RANCH,4932.60
CRNA,HIGHLANDS RANCH,4716.07
Optometry,HIGHLANDS RANCH,4621.45
Mass Immunization Roster Biller,HIGHLANDS RANCH,3864.27
Optometry,HIGHLANDS RANCH,3842.06
Physician Assistant,HIGHLANDS RANCH,3592.03
Family Practice,HIGHLANDS RANCH,3551.31
Family Practice,HIGHLANDS RANCH,3439.09
Optometry,HIGHLANDS RANCH,3372.87
Nurse Practitioner,HIGHLANDS RANCH,3361.47
Family Practice,HIGHLANDS RANCH,3190.10
Mass Immunization Roster Biller,HIGHLANDS RANCH,2238.01
Family Practice,HIGHLANDS RANCH,2041.17
Optometry,HIGHLANDS RANCH,2039.85
Psychiatry,HIGHLANDS RANCH,1833.79
Chiropractic,HIGHLANDS RANCH,1548.00
Physician Assistant,HIGHLANDS RANCH,1528.61
Nurse Practitioner,HIGHLANDS RANCH,1499.44
Mass Immunization Roster Biller,HIGHLANDS RANCH,1468.60
Nurse Practitioner,HIGHLANDS RANCH,1457.67
Mass Immunization Roster Biller,HIGHLANDS RANCH,1346.00
Mass Immunization Roster Biller,HIGHLANDS RANCH,1244.20
Nurse Practitioner,HIGHLANDS RANCH,1099.32
Mass Immunization Roster Biller,HIGHLANDS RANCH,1090.16
Chiropractic,HIGHLANDS RANCH,851.76
Clinical Laboratory,HIGHLANDS RANCH,153.00
Medical Oncology,LAKEWOOD,1665083.61
Ambulance Service Supplier,LAKEWOOD,1004831.85
Rheumatology,LAKEWOOD,983241.02
Ambulatory Surgical Center,LAKEWOOD,949061.56
Dermatology,LAKEWOOD,553086.34
Dermatology,LAKEWOOD,531832.17
Clinical Laboratory,LAKEWOOD,506071.65
Ambulatory Surgical Center,LAKEWOOD,454095.51
Hematology/Oncology,LAKEWOOD,346342.42
Family Practice,LAKEWOOD,343205.88
Hematology/Oncology,LAKEWOOD,291045.15
Ophthalmology,LAKEWOOD,274552.95
Internal Medicine,LAKEWOOD,259317.53
Dermatology,LAKEWOOD,254203.40
Independent Diagnostic Testing Facility,LAKEWOOD,242686.10
Hematology/Oncology,LAKEWOOD,230309.33
Independent Diagnostic Testing Facility,LAKEWOOD,212998.59
Physical Medicine and Rehabilitation,LAKEWOOD,206641.35
Family Practice,LAKEWOOD,192181.81
Family Practice,LAKEWOOD,179184.33
Cardiology,LAKEWOOD,177001.11
Nephrology,LAKEWOOD,162571.80
Ophthalmology,LAKEWOOD,138205.38
Orthopedic Surgery,LAKEWOOD,132355.58
Cardiology,LAKEWOOD,131669.19
Emergency Medicine,LAKEWOOD,126497.93
Pulmonary Disease,LAKEWOOD,126485.40
Pathology,LAKEWOOD,121040.85
Diagnostic Radiology,LAKEWOOD,118579.29
Dermatology,LAKEWOOD,112224.55
Diagnostic Radiology,LAKEWOOD,109772.33
Internal Medicine,LAKEWOOD,108171.65
Family Practice,LAKEWOOD,107937.36
Internal Medicine,LAKEWOOD,106970.53
Diagnostic Radiology,LAKEWOOD,106397.96
Diagnostic Radiology,LAKEWOOD,105873.38
Critical Care (Intensivists),LAKEWOOD,104030.70
Internal Medicine,LAKEWOOD,101305.48
Pulmonary Disease,LAKEWOOD,100891.98
Anesthesiology,LAKEWOOD,98595.78
Clinical Psychologist,LAKEWOOD,95235.60
Critical Care (Intensivists),LAKEWOOD,93314.89
Critical Care (Intensivists),LAKEWOOD,92701.81
Pulmonary Disease,LAKEWOOD,92373.17
Family Practice,LAKEWOOD,91396.96
Neurology,LAKEWOOD,90527.46
Urology,LAKEWOOD,87665.69
Diagnostic Radiology,LAKEWOOD,86940.60
Diagnostic Radiology,LAKEWOOD,86665.53
Internal Medicine,LAKEWOOD,86207.19
Diagnostic Radiology,LAKEWOOD,85655.42
Internal Medicine,LAKEWOOD,84790.12
Gastroenterology,LAKEWOOD,84400.29
Gastroenterology,LAKEWOOD,83793.10
Urology,LAKEWOOD,82896.04
Neurology,LAKEWOOD,82405.08
Internal Medicine,LAKEWOOD,82277.04
Urology,LAKEWOOD,81859.05
Ophthalmology,LAKEWOOD,81694.46
Gastroenterology,LAKEWOOD,80915.93
Critical Care (Intensivists),LAKEWOOD,80668.96
Diagnostic Radiology,LAKEWOOD,78391.66
Pulmonary Disease,LAKEWOOD,76652.40
Internal Medicine,LAKEWOOD,75813.56
Critical Care (Intensivists),LAKEWOOD,75319.64
Internal Medicine,LAKEWOOD,74756.05
Internal Medicine,LAKEWOOD,74551.80
Diagnostic Radiology,LAKEWOOD,73874.36
Family Practice,LAKEWOOD,73727.45
Podiatry,LAKEWOOD,72669.33
Critical Care (Intensivists),LAKEWOOD,71978.08
Emergency Medicine,LAKEWOOD,70949.24
Podiatry,LAKEWOOD,69319.78
Family Practice,LAKEWOOD,68903.29
Critical Care (Intensivists),LAKEWOOD,67756.26
Radiation Oncology,LAKEWOOD,66155.50
Internal Medicine,LAKEWOOD,66114.93
Critical Care (Intensivists),LAKEWOOD,65835.34
Gastroenterology,LAKEWOOD,65138.04
Emergency Medicine,LAKEWOOD,65021.51
Diagnostic Radiology,LAKEWOOD,64972.77
Otolaryngology,LAKEWOOD,62852.86
Gastroenterology,LAKEWOOD,60248.06
Emergency Medicine,LAKEWOOD,60112.65
Emergency Medicine,LAKEWOOD,59681.26
Emergency Medicine,LAKEWOOD,59600.88
Geriatric Medicine,LAKEWOOD,59037.22
Emergency Medicine,LAKEWOOD,58968.04
Emergency Medicine,LAKEWOOD,57080.73
Critical Care (Intensivists),LAKEWOOD,56386.16
Emergency Medicine,LAKEWOOD,55940.05
Diagnostic Radiology,LAKEWOOD,55634.18
Diagnostic Radiology,LAKEWOOD,55522.65
Internal Medicine,LAKEWOOD,55361.82
Emergency Medicine,LAKEWOOD,55164.09
Family Practice,LAKEWOOD,54159.49
Dermatology,LAKEWOOD,54140.83
Emergency Medicine,LAKEWOOD,53445.92
Family Practice,LAKEWOOD,52906.57
Emergency Medicine,LAKEWOOD,52028.73
Optometry,LAKEWOOD,51517.09
Allergy/Immunology,LAKEWOOD,51166.24
Physician Assistant,LAKEWOOD,49670.55
Emergency Medicine,LAKEWOOD,49087.44
Internal Medicine,LAKEWOOD,48980.47
Family Practice,LAKEWOOD,48951.89
Diagnostic Radiology,LAKEWOOD,48850.64
Neurology,LAKEWOOD,48731.62
Family Practice,LAKEWOOD,47881.06
Emergency Medicine,LAKEWOOD,47677.79
Family Practice,LAKEWOOD,47151.81
Emergency Medicine,LAKEWOOD,46380.99
Diagnostic Radiology,LAKEWOOD,45918.43
Endocrinology,LAKEWOOD,45684.29
Emergency Medicine,LAKEWOOD,45466.96
Physician Assistant,LAKEWOOD,44807.56
Optometry,LAKEWOOD,43846.39
Internal Medicine,LAKEWOOD,43035.14
Podiatry,LAKEWOOD,41944.66
Internal Medicine,LAKEWOOD,41637.64
Diagnostic Radiology,LAKEWOOD,41537.68
Emergency Medicine,LAKEWOOD,41361.32
Emergency Medicine,LAKEWOOD,40041.43
Emergency Medicine,LAKEWOOD,39296.99
Emergency Medicine,LAKEWOOD,38479.16
Diagnostic Radiology,LAKEWOOD,38273.92
Family Practice,LAKEWOOD,37901.71
Diagnostic Radiology,LAKEWOOD,36894.38
Emergency Medicine,LAKEWOOD,36095.39
Neurology,LAKEWOOD,35727.10
Critical Care (Intensivists),LAKEWOOD,34896.88
Optometry,LAKEWOOD,34013.31
Occupational therapist,LAKEWOOD,33517.57
Diagnostic Radiology,LAKEWOOD,33263.98
Clinical Psychologist,LAKEWOOD,32835.00
Diagnostic Radiology,LAKEWOOD,32109.42
Emergency Medicine,LAKEWOOD,31526.19
CRNA,LAKEWOOD,31309.30
Family Practice,LAKEWOOD,30835.05
Internal Medicine,LAKEWOOD,30296.60
Emergency Medicine,LAKEWOOD,30034.74
Clinical Psychologist,LAKEWOOD,29564.52
Diagnostic Radiology,LAKEWOOD,28308.94
Physical Therapist,LAKEWOOD,28182.84
Physical Medicine and Rehabilitation,LAKEWOOD,27664.78
CRNA,LAKEWOOD,27431.56
Allergy/Immunology,LAKEWOOD,27391.81
Family Practice,LAKEWOOD,27231.57
Nephrology,LAKEWOOD,27052.38
Physical Therapist,LAKEWOOD,26549.04
Nurse Practitioner,LAKEWOOD,26536.27
Pulmonary Disease,LAKEWOOD,25797.96
CRNA,LAKEWOOD,25759.49
Diagnostic Radiology,LAKEWOOD,24919.88
Endocrinology,LAKEWOOD,22398.35
Diagnostic Radiology,LAKEWOOD,21918.81
Chiropractic,LAKEWOOD,21895.95
Speech Language Pathologist,LAKEWOOD,20870.17
Emergency Medicine,LAKEWOOD,20768.96
Anesthesiology,LAKEWOOD,19567.34
Physical Therapist,LAKEWOOD,19464.35
Physical Therapist,LAKEWOOD,19373.00
Psychiatry,LAKEWOOD,18725.59
Internal Medicine,LAKEWOOD,18573.49
Family Practice,LAKEWOOD,18435.11
Clinical Psychologist,LAKEWOOD,17959.10
Family Practice,LAKEWOOD,17554.43
Nurse Practitioner,LAKEWOOD,17128.19
Diagnostic Radiology,LAKEWOOD,16718.85
Family Practice,LAKEWOOD,16172.83
Optometry,LAKEWOOD,16071.32
Family Practice,LAKEWOOD,15872.63
Podiatry,LAKEWOOD,15632.34
Optometry,LAKEWOOD,14886.23
Anesthesiology,LAKEWOOD,14823.68
Allergy/Immunology,LAKEWOOD,14795.67
Psychiatry,LAKEWOOD,14701.05
CRNA,LAKEWOOD,14658.22
Chiropractic,LAKEWOOD,14236.27
Pulmonary Disease,LAKEWOOD,13740.95
Physical Therapist,LAKEWOOD,13435.16
Family Practice,LAKEWOOD,13048.77
Obstetrics/Gynecology,LAKEWOOD,12561.55
Chiropractic,LAKEWOOD,12462.48
Emergency Medicine,LAKEWOOD,12439.44
Anesthesiology,LAKEWOOD,12166.62
Obstetrics/Gynecology,LAKEWOOD,11696.36
CRNA,LAKEWOOD,11594.64
Optometry,LAKEWOOD,11498.54
Optometry,LAKEWOOD,11497.21
Optometry,LAKEWOOD,11018.13
Critical Care (Intensivists),LAKEWOOD,10681.80
CRNA,LAKEWOOD,10551.56
Obstetrics/Gynecology,LAKEWOOD,9829.17
Clinical Psychologist,LAKEWOOD,9695.97
Allergy/Immunology,LAKEWOOD,9489.53
Family Practice,LAKEWOOD,9428.32
Nurse Practitioner,LAKEWOOD,9171.80
Optometry,LAKEWOOD,9119.42
Chiropractic,LAKEWOOD,9101.47
Ophthalmology,LONGMONT,2119899.60
Ophthalmology,LONGMONT,2091526.69
Ambulatory Surgical Center,LONGMONT,916190.98
Rheumatology,LONGMONT,553558.55
Cardiology,LONGMONT,540555.35
Family Practice,LONGMONT,494376.43
Hematology/Oncology,LONGMONT,487304.94
Cardiology,LONGMONT,463782.52
Hematology/Oncology,LONGMONT,430364.21
Hematology/Oncology,LONGMONT,398667.68
Ophthalmology,LONGMONT,352027.61
Internal Medicine,LONGMONT,337641.53
Pulmonary Disease,LONGMONT,317911.90
Pulmonary Disease,LONGMONT,303430.24
Ophthalmology,LONGMONT,282111.73
Neurology,LONGMONT,250283.78
Independent Diagnostic Testing Facility,LONGMONT,227616.81
Ophthalmology,LONGMONT,218356.33
Family Practice,LONGMONT,206237.20
Family Practice,LONGMONT,198207.80
Dermatology,LONGMONT,196458.73
Urology,LONGMONT,192035.41
Ophthalmology,LONGMONT,190966.85
Ophthalmology,LONGMONT,169280.12
Gastroenterology,LONGMONT,163464.80
Gastroenterology,LONGMONT,160605.98
Family Practice,LONGMONT,156159.35
Ambulatory Surgical Center,LONGMONT,155983.56
Gastroenterology,LONGMONT,146525.98
Rheumatology,LONGMONT,139619.88
Orthopedic Surgery,LONGMONT,138905.48
Orthopedic Surgery,LONGMONT,137909.21
Otolaryngology,LONGMONT,128678.93
Ambulance Service Supplier,LONGMONT,127924.30
Gastroenterology,LONGMONT,126485.09
Endocrinology,LONGMONT,125187.66
Family Practice,LONGMONT,124646.60
Orthopedic Surgery,LONGMONT,119029.79
Neurology,LONGMONT,116528.42
Ambulatory Surgical Center,LONGMONT,114718.52
Dermatology,LONGMONT,112724.33
Infectious Disease,LONGMONT,105656.87
Family Practice,LONGMONT,105215.75
Dermatology,LONGMONT,104040.06
Internal Medicine,LONGMONT,102602.41
Internal Medicine,LONGMONT,101373.77
Family Practice,LONGMONT,100914.88
Ophthalmology,LONGMONT,100355.64
Urology,LONGMONT,96979.39
Diagnostic Radiology,LONGMONT,96388.87
Family Practice,LONGMONT,95675.03
Family Practice,LONGMONT,93846.75
Nephrology,LONGMONT,89355.91
Orthopedic Surgery,LONGMONT,89316.45
Family Practice,LONGMONT,89196.29
Endocrinology,LONGMONT,88320.89
Gastroenterology,LONGMONT,84883.83
Gastroenterology,LONGMONT,83425.88
Internal Medicine,LONGMONT,81986.25
Physician Assistant,LONGMONT,81911.45
Internal Medicine,LONGMONT,81588.70
Ambulatory Surgical Center,LONGMONT,81303.28
Orthopedic Surgery,LONGMONT,79925.51
Pulmonary Disease,LONGMONT,77164.32
Preventive Medicine,LONGMONT,75342.93
Diagnostic Radiology,LONGMONT,75082.07
Orthopedic Surgery,LONGMONT,73847.00
Hand Surgery,LONGMONT,73466.93
Ophthalmology,LONGMONT,73431.88
Otolaryngology,LONGMONT,72828.41
Neurology,LONGMONT,71790.93
Radiation Oncology,LONGMONT,71744.42
Internal Medicine,LONGMONT,71433.60
Gastroenterology,LONGMONT,71019.68
Diagnostic Radiology,LONGMONT,68933.72
Orthopedic Surgery,LONGMONT,68703.42
Family Practice,LONGMONT,68656.29
Rheumatology,LONGMONT,67718.10
Interventional Pain Management,LONGMONT,66381.41
Diagnostic Radiology,LONGMONT,65706.33
Vascular Surgery,LONGMONT,62653.52
Pathology,LONGMONT,61848.77
Rheumatology,LONGMONT,60017.92
Pathology,LONGMONT,59235.87
Family Practice,LONGMONT,59107.97
Emergency Medicine,LONGMONT,58773.12
Podiatry,LONGMONT,57350.11
Physical Therapist,LONGMONT,54405.46
Family Practice,LONGMONT,52831.76
Family Practice,LONGMONT,52161.45
Orthopedic Surgery,LONGMONT,51760.19
Otolaryngology,LONGMONT,49438.64
Nurse Practitioner,LONGMONT,46648.51
Clinical Psychologist,LONGMONT,45960.73
Family Practice,LONGMONT,45723.37
Physical Therapist,LONGMONT,45604.65
Diagnostic Radiology,LONGMONT,45160.46
Family Practice,LONGMONT,44059.17
Psychiatry,LONGMONT,43290.85
Internal Medicine,LONGMONT,42785.42
Licensed Clinical Social Worker,LONGMONT,41568.02
Family Practice,LONGMONT,41133.93
Family Practice,LONGMONT,41133.24
Physical Therapist,LONGMONT,40813.43
General Surgery,LONGMONT,40794.86
Physical Therapist,LONGMONT,40203.54
Family Practice,LONGMONT,39459.35
Physical Therapist,LONGMONT,39445.03
Diagnostic Radiology,LONGMONT,38939.79
Internal Medicine,LONGMONT,38832.37
Physician Assistant,LONGMONT,37988.00
Chiropractic,LONGMONT,36704.95
Physical Medicine and Rehabilitation,LONGMONT,36028.43
Physical Therapist,LONGMONT,35614.90
Podiatry,LONGMONT,35577.42
Ophthalmology,LONGMONT,32865.78
Optometry,LONGMONT,32157.99
Optometry,LONGMONT,32124.26
Family Practice,LONGMONT,31933.98
General Surgery,LONGMONT,31470.14
Physical Medicine and Rehabilitation,LONGMONT,30754.91
Family Practice,LONGMONT,30551.52
Licensed Clinical Social Worker,LONGMONT,29358.38
Family Practice,LONGMONT,28238.49
Family Practice,LONGMONT,27947.90
Internal Medicine,LONGMONT,25954.34
Optometry,LONGMONT,25864.58
Emergency Medicine,LONGMONT,23357.29
Anesthesiology,LONGMONT,22690.86
Family Practice,LONGMONT,21921.44
Internal Medicine,LONGMONT,21760.47
Family Practice,LONGMONT,21486.85
Anesthesiology,LONGMONT,21367.81
Physical Therapist,LONGMONT,20885.12
Otolaryngology,LONGMONT,20444.39
Physical Therapist,LONGMONT,20433.85
Emergency Medicine,LONGMONT,20230.47
Physician Assistant,LONGMONT,19963.03
Internal Medicine,LONGMONT,19386.12
Anesthesiology,LONGMONT,19236.84
Psychiatry,LONGMONT,18761.27
Family Practice,LONGMONT,18730.00
Physical Therapist,LONGMONT,18218.02
Anesthesiology,LONGMONT,18130.93
Podiatry,LONGMONT,17769.92
Anesthesiology,LONGMONT,16963.10
Physician Assistant,LONGMONT,16231.60
Chiropractic,LONGMONT,16198.27
Physical Therapist,LONGMONT,15975.11
Obstetrics/Gynecology,LONGMONT,15897.06
Physical Therapist,LONGMONT,15765.33
Rheumatology,LONGMONT,15658.48
Optometry,LONGMONT,15279.09
Mass Immunization Roster Biller,LONGMONT,15049.86
Family Practice,LONGMONT,14688.07
Chiropractic,LONGMONT,14533.69
Emergency Medicine,LONGMONT,14362.90
Physician Assistant,LONGMONT,14294.44
Chiropractic,LONGMONT,14092.29
Anesthesiology,LONGMONT,14091.67
Psychiatry,LONGMONT,13860.31
Obstetrics/Gynecology,LONGMONT,13805.36
Chiropractic,LONGMONT,13680.96
Anesthesiology,LONGMONT,13436.87
Anesthesiology,LONGMONT,13355.16
Otolaryngology,LONGMONT,12604.84
Nephrology,LONGMONT,12522.45
Obstetrics/Gynecology,LONGMONT,12501.74
Chiropractic,LONGMONT,12441.67
Mass Immunization Roster Biller,LONGMONT,12323.28
Chiropractic,LONGMONT,11394.01
Physical Therapist,LONGMONT,11219.84
Emergency Medicine,LONGMONT,10971.27
Clinical Psychologist,LONGMONT,10700.61
Chiropractic,LONGMONT,10670.40
Podiatry,LONGMONT,10547.33
Chiropractic,LONGMONT,10472.24
Anesthesiology,LONGMONT,10384.64
Optometry,LONGMONT,10170.83
Licensed Clinical Social Worker,LONGMONT,9813.37
Anesthesiology,LONGMONT,9735.82
Chiropractic,LONGMONT,9616.71
General Surgery,LONGMONT,9456.31
Independent Diagnostic Testing Facility,LONGMONT,9148.21
Chiropractic,LONGMONT,9048.27
Chiropractic,LONGMONT,8922.67
Mass Immunization Roster Biller,LONGMONT,8867.45
Family Practice,LONGMONT,8612.93
Physical Therapist,LONGMONT,8503.16
Chiropractic,LONGMONT,8094.03
Chiropractic,LONGMONT,7982.58
Mass Immunization Roster Biller,LONGMONT,7725.84
Mass Immunization Roster Biller,LONGMONT,7666.56
Psychiatry,LONGMONT,7490.64
Mass Immunization Roster Biller,LONGMONT,7402.96
Physical Therapist,LONGMONT,7393.91
Optometry,LONGMONT,6779.05
Physician Assistant,LONGMONT,6614.24
Mass Immunization Roster Biller,LONGMONT,6516.17
Nurse Practitioner,LONGMONT,6255.27
Ophthalmology,LOUISVILLE,2029074.78
Orthopedic Surgery,LOUISVILLE,193934.86
Ambulatory Surgical Center,LOUISVILLE,124078.26
Orthopedic Surgery,LOUISVILLE,93105.14
Ambulance Service Supplier,LOUISVILLE,71961.25
Ophthalmology,LOUISVILLE,71917.22
Dermatology,LOUISVILLE,71205.33
Internal Medicine,LOUISVILLE,67243.33
Orthopedic Surgery,LOUISVILLE,64829.66
Optometry,LOUISVILLE,58413.58
Family Practice,LOUISVILLE,58291.87
Physical Therapist,LOUISVILLE,55941.50
Orthopedic Surgery,LOUISVILLE,53094.18
Neurology,LOUISVILLE,51718.12
Family Practice,LOUISVILLE,51174.71
Orthopedic Surgery,LOUISVILLE,48224.30
Endocrinology,LOUISVILLE,47643.60
Plastic and Reconstructive Surgery,LOUISVILLE,44713.84
Family Practice,LOUISVILLE,40332.10
Podiatry,LOUISVILLE,38652.55
Orthopedic Surgery,LOUISVILLE,38045.89
Family Practice,LOUISVILLE,35973.79
Optometry,LOUISVILLE,32306.65
Nurse Practitioner,LOUISVILLE,32218.59
Family Practice,LOUISVILLE,31197.50
Endocrinology,LOUISVILLE,30800.02
Family Practice,LOUISVILLE,30418.43
Physician Assistant,LOUISVILLE,28816.48
Optometry,LOUISVILLE,28578.78
Physical Therapist,LOUISVILLE,27529.14
Endocrinology,LOUISVILLE,27315.60
Podiatry,LOUISVILLE,27104.03
Nurse Practitioner,LOUISVILLE,26731.58
Emergency Medicine,LOUISVILLE,26436.53
General Surgery,LOUISVILLE,26066.04
Family Practice,LOUISVILLE,25265.35
Physical Therapist,LOUISVILLE,22548.03
Physical Therapist,LOUISVILLE,21032.91
Family Practice,LOUISVILLE,19989.68
Internal Medicine,LOUISVILLE,19778.58
Physical Therapist,LOUISVILLE,18977.94
Orthopedic Surgery,LOUISVILLE,18673.88
Psychiatry,LOUISVILLE,18627.71
Physical Therapist,LOUISVILLE,18435.02
Orthopedic Surgery,LOUISVILLE,17733.77
Orthopedic Surgery,LOUISVILLE,17171.38
Physical Therapist,LOUISVILLE,16946.37
Internal Medicine,LOUISVILLE,16690.22
Allergy/Immunology,LOUISVILLE,16105.51
General Surgery,LOUISVILLE,15435.39
Endocrinology,LOUISVILLE,15147.90
Physician Assistant,LOUISVILLE,14501.50
Family Practice,LOUISVILLE,13416.66
Physician Assistant,LOUISVILLE,12392.38
Physical Therapist,LOUISVILLE,11590.58
Family Practice,LOUISVILLE,11431.70
Nurse Practitioner,LOUISVILLE,10294.02
Psychiatry,LOUISVILLE,9566.56
Physical Therapist,LOUISVILLE,9096.90
Psychiatry,LOUISVILLE,8856.81
Physical Therapist,LOUISVILLE,8473.01
Family Practice,LOUISVILLE,8400.20
Orthopedic Surgery,LOUISVILLE,7171.57
Mass Immunization Roster Biller,LOUISVILLE,6493.64
Family Practice,LOUISVILLE,5993.38
CRNA,LOUISVILLE,5657.26
Mass Immunization Roster Biller,LOUISVILLE,5115.69
Chiropractic,LOUISVILLE,4480.36
Nurse Practitioner,LOUISVILLE,4038.00
Chiropractic,LOUISVILLE,3712.69
CRNA,LOUISVILLE,3612.51
Chiropractic,LOUISVILLE,3526.22
Family Practice,LOUISVILLE,3519.84
Clinical Psychologist,LOUISVILLE,3518.78
Chiropractic,LOUISVILLE,2963.53
Physician Assistant,LOUISVILLE,2894.39
Physical Therapist,LOUISVILLE,2413.80
CRNA,LOUISVILLE,2010.00
CRNA,LOUISVILLE,1691.29
Physician Assistant,LOUISVILLE,1670.05
Optometry,LOUISVILLE,1562.46
Obstetrics/Gynecology,LOUISVILLE,1425.16
General Surgery,LOUISVILLE,1401.01
CRNA,LOUISVILLE,1156.49
Physical Therapist,LOUISVILLE,1111.18
Nurse Practitioner,LOUISVILLE,381.48
Clinical Laboratory,LOVELAND,2815225.35
Clinical Laboratory,LOVELAND,1679991.00
Dermatology,LOVELAND,965416.12
Ambulance Service Supplier,LOVELAND,744075.38
Clinical Laboratory,LOVELAND,613638.56
Ophthalmology,LOVELAND,563579.70
Ambulance Service Supplier,LOVELAND,482776.39
Dermatology,LOVELAND,397775.76
Ambulatory Surgical Center,LOVELAND,374514.63
Ambulatory Surgical Center,LOVELAND,372545.87
Gastroenterology,LOVELAND,297291.96
Gastroenterology,LOVELAND,278556.09
Ophthalmology,LOVELAND,248262.13
Physical Therapist,LOVELAND,230149.08
Dermatology,LOVELAND,217064.40
Gastroenterology,LOVELAND,197867.17
Radiation Oncology,LOVELAND,185875.20
Gastroenterology,LOVELAND,181007.86
Ambulatory Surgical Center,LOVELAND,180174.52
Occupational therapist,LOVELAND,175338.34
Orthopedic Surgery,LOVELAND,157118.18
Gastroenterology,LOVELAND,149387.79
Internal Medicine,LOVELAND,143990.92
Pathology,LOVELAND,136719.93
Critical Care (Intensivists),LOVELAND,114214.52
Pathology,LOVELAND,113390.09
Geriatric Medicine,LOVELAND,111759.39
Family Practice,LOVELAND,110615.89
Neurology,LOVELAND,110528.63
Internal Medicine,LOVELAND,104959.09
Internal Medicine,LOVELAND,99623.32
Critical Care (Intensivists),LOVELAND,99009.43
Family Practice,LOVELAND,99000.67
Psychiatry,LOVELAND,97484.26
Cardiac Surgery,LOVELAND,96446.86
Family Practice,LOVELAND,96239.09
Pathology,LOVELAND,95722.79
Internal Medicine,LOVELAND,95086.26
Internal Medicine,LOVELAND,94987.76
Critical Care (Intensivists),LOVELAND,93777.29
Cardiac Surgery,LOVELAND,92185.93
Pathology,LOVELAND,88765.13
Gastroenterology,LOVELAND,86670.32
Critical Care (Intensivists),LOVELAND,85982.07
Internal Medicine,LOVELAND,85456.29
Internal Medicine,LOVELAND,77126.06
Neurology,LOVELAND,75891.73
Otolaryngology,LOVELAND,72726.48
Internal Medicine,LOVELAND,71598.88
Physical Therapist,LOVELAND,71207.26
Independent Diagnostic Testing Facility,LOVELAND,70685.39
Cardiology,LOVELAND,70581.88
General Practice,LOVELAND,69209.28
Family Practice,LOVELAND,69017.03
Cardiac Surgery,LOVELAND,68364.43
Internal Medicine,LOVELAND,67803.63
Medical Oncology,LOVELAND,67048.17
Dermatology,LOVELAND,66757.10
Cardiac Surgery,LOVELAND,66513.09
Family Practice,LOVELAND,65974.70
Physical Therapist,LOVELAND,62906.61
Internal Medicine,LOVELAND,60176.03
Emergency Medicine,LOVELAND,59240.65
Neurology,LOVELAND,57047.03
Family Practice,LOVELAND,56963.46
Physical Therapist,LOVELAND,56169.28
Internal Medicine,LOVELAND,55575.72
Cardiology,LOVELAND,54286.39
Physical Therapist,LOVELAND,53907.21
Family Practice,LOVELAND,53817.49
Endocrinology,LOVELAND,53801.42
Occupational therapist,LOVELAND,53623.42
Pathology,LOVELAND,53086.46
Physical Therapist,LOVELAND,53075.63
Internal Medicine,LOVELAND,52693.89
Family Practice,LOVELAND,49661.22
Emergency Medicine,LOVELAND,48963.67
Podiatry,LOVELAND,46923.12
Hematology,LOVELAND,44892.73
Physical Therapist,LOVELAND,44279.44
Speech Language Pathologist,LOVELAND,43614.70
Gastroenterology,LOVELAND,43484.68
Physical Therapist,LOVELAND,43155.95
Neurology,LOVELAND,42065.98
Neurosurgery,LOVELAND,41970.02
Neurology,LOVELAND,41648.21
Physical Therapist,LOVELAND,41554.63
Allergy/Immunology,LOVELAND,39254.13
Chiropractic,LOVELAND,38162.13
Physical Therapist,LOVELAND,38059.86
Family Practice,LOVELAND,37401.54
Physical Therapist,LOVELAND,35823.61
Obstetrics/Gynecology,LOVELAND,34907.07
Orthopedic Surgery,LOVELAND,34679.26
Family Practice,LOVELAND,34131.66
Physical Therapist,LOVELAND,33791.97
Orthopedic Surgery,LOVELAND,33141.24
Speech Language Pathologist,LOVELAND,33014.96
Family Practice,LOVELAND,32974.77
General Surgery,LOVELAND,32015.13
Family Practice,LOVELAND,30972.07
Family Practice,LOVELAND,29732.48
Internal Medicine,LOVELAND,29242.57
Optometry,LOVELAND,27947.91
Physical Therapist,LOVELAND,27570.61
Mass Immunization Roster Biller,LOVELAND,25551.15
Emergency Medicine,LOVELAND,25425.34
Family Practice,LOVELAND,25094.47
Clinical Psychologist,LOVELAND,24650.79
Family Practice,LOVELAND,24253.38
Physical Therapist,LOVELAND,23978.27
Family Practice,LOVELAND,23641.56
Family Practice,LOVELAND,22515.65
Chiropractic,LOVELAND,22426.00
Physical Therapist,LOVELAND,21766.83
Obstetrics/Gynecology,LOVELAND,21649.96
Mass Immunization Roster Biller,LOVELAND,21452.92
Internal Medicine,LOVELAND,21337.66
Chiropractic,LOVELAND,20668.81
Clinical Psychologist,LOVELAND,20414.25
Optometry,LOVELAND,20373.46
Chiropractic,LOVELAND,20243.47
Family Practice,LOVELAND,20147.56
Chiropractic,LOVELAND,19377.76
Family Practice,LOVELAND,19019.28
General Surgery,LOVELAND,18460.63
Family Practice,LOVELAND,18327.66
General Surgery,LOVELAND,18247.34
Physician Assistant,LOVELAND,16921.22
Clinical Psychologist,LOVELAND,16740.55
Chiropractic,LOVELAND,16643.26
Nurse Practitioner,LOVELAND,16449.85
Family Practice,LOVELAND,16350.32
Chiropractic,LOVELAND,16163.61
Physical Therapist,LOVELAND,15699.16
Physical Therapist,LOVELAND,15687.73
Physician Assistant,LOVELAND,15385.01
General Surgery,LOVELAND,14883.47
General Surgery,LOVELAND,14784.16
Obstetrics/Gynecology,LOVELAND,14352.33
Family Practice,LOVELAND,14297.77
Family Practice,LOVELAND,13943.93
Optometry,LOVELAND,13859.38
Occupational therapist,LOVELAND,13681.95
Psychiatry,LOVELAND,13658.45
Optometry,LOVELAND,13611.49
Optometry,LOVELAND,13328.60
Physical Therapist,LOVELAND,13218.10
Mass Immunization Roster Biller,LOVELAND,13199.92
General Practice,LOVELAND,12980.19
CRNA,LOVELAND,12953.25
Internal Medicine,LOVELAND,12944.35
Nurse Practitioner,LOVELAND,12647.95
CRNA,LOVELAND,12514.84
Clinical Psychologist,LOVELAND,12317.86
Family Practice,LOVELAND,12074.86
Physical Therapist,LOVELAND,11845.12
Family Practice,LOVELAND,11746.17
Chiropractic,LOVELAND,11582.14
Nurse Practitioner,LOVELAND,11565.28
Cardiology,LOVELAND,11413.34
Physical Therapist,LOVELAND,11283.06
Mass Immunization Roster Biller,LOVELAND,11240.19
Chiropractic,LOVELAND,10872.39
Physician Assistant,LOVELAND,10700.91
Mass Immunization Roster Biller,LOVELAND,10630.59
Nurse Practitioner,LOVELAND,10567.75
Family Practice,LOVELAND,10306.32
Chiropractic,LOVELAND,10298.78
Mass Immunization Roster Biller,LOVELAND,10154.00
Physician Assistant,LOVELAND,9434.47
Physical Therapist,LOVELAND,9381.35
Physician Assistant,LOVELAND,9376.94
CRNA,LOVELAND,9044.03
Physician Assistant,LOVELAND,9032.71
Chiropractic,LOVELAND,9009.07
Chiropractic,LOVELAND,8991.11
CRNA,LOVELAND,8853.16
Psychiatry,LOVELAND,8775.82
Occupational therapist,LOVELAND,8728.34
Licensed Clinical Social Worker,LOVELAND,8698.90
Family Practice,LOVELAND,8541.15
Optometry,LOVELAND,8531.89
Physician Assistant,LOVELAND,8480.03
Mass Immunization Roster Biller,LOVELAND,8327.28
Chiropractic,LOVELAND,8131.44
Physical Therapist,LOVELAND,8102.20
Anesthesiology,LOVELAND,7787.54
Physician Assistant,LOVELAND,7197.22
Internal Medicine,LOVELAND,7009.75
Family Practice,LOVELAND,6955.06
Mass Immunization Roster Biller,LOVELAND,6878.22
Emergency Medicine,LOVELAND,6531.44
Physical Therapist,LOVELAND,6492.09
Chiropractic,LOVELAND,6057.95
Obstetrics/Gynecology,LOVELAND,6017.66
Emergency Medicine,LOVELAND,5943.23
Chiropractic,LOVELAND,5677.58
Physical Therapist,LOVELAND,5629.19
Certified Nurse Midwife,LOVELAND,5624.13
Internal Medicine,WESTMINSTER,756386.11
Ambulance Service Supplier,WESTMINSTER,341405.24
Ambulatory Surgical Center,WESTMINSTER,314991.60
Ophthalmology,WESTMINSTER,297414.34
Family Practice,WESTMINSTER,262584.72
Nephrology,WESTMINSTER,197060.20
Dermatology,WESTMINSTER,170443.18
Nephrology,WESTMINSTER,167695.98
Cardiology,WESTMINSTER,156734.82
Ophthalmology,WESTMINSTER,141997.21
Cardiology,WESTMINSTER,121162.70
Cardiology,WESTMINSTER,110146.54
Family Practice,WESTMINSTER,106426.61
Internal Medicine,WESTMINSTER,101956.95
Nephrology,WESTMINSTER,101438.58
Family Practice,WESTMINSTER,86773.76
Cardiology,WESTMINSTER,85666.48
Internal Medicine,WESTMINSTER,83671.95
Nephrology,WESTMINSTER,83349.78
Physician Assistant,WESTMINSTER,77942.34
Family Practice,WESTMINSTER,68188.19
Dermatology,WESTMINSTER,62539.99
Ambulatory Surgical Center,WESTMINSTER,56288.28
Emergency Medicine,WESTMINSTER,56133.68
Family Practice,WESTMINSTER,54827.69
Family Practice,WESTMINSTER,52242.59
Internal Medicine,WESTMINSTER,52113.95
Family Practice,WESTMINSTER,46945.52
Dermatology,WESTMINSTER,46404.63
Physical Therapist,WESTMINSTER,46362.56
Physical Therapist,WESTMINSTER,46191.12
Clinical Psychologist,WESTMINSTER,45882.79
Physical Therapist,WESTMINSTER,42482.74
Clinical Psychologist,WESTMINSTER,42398.53
Urology,WESTMINSTER,42347.22
Physician Assistant,WESTMINSTER,40925.53
Endocrinology,WESTMINSTER,39292.57
Physical Therapist,WESTMINSTER,38277.00
Physical Therapist,WESTMINSTER,34648.19
CRNA,WESTMINSTER,32905.33
Physical Therapist,WESTMINSTER,32664.05
Emergency Medicine,WESTMINSTER,31140.32
Internal Medicine,WESTMINSTER,30396.92
Physical Therapist,WESTMINSTER,29756.44
Family Practice,WESTMINSTER,28762.17
Family Practice,WESTMINSTER,28164.27
Podiatry,WESTMINSTER,25870.94
Family Practice,WESTMINSTER,25002.55
Family Practice,WESTMINSTER,24543.62
Family Practice,WESTMINSTER,24438.93
Family Practice,WESTMINSTER,24213.38
Podiatry,WESTMINSTER,23879.18
Clinical Psychologist,WESTMINSTER,23847.97
Family Practice,WESTMINSTER,23194.06
Family Practice,WESTMINSTER,22918.79
Family Practice,WESTMINSTER,22863.71
General Surgery,WESTMINSTER,22453.62
Family Practice,WESTMINSTER,20963.24
Family Practice,WESTMINSTER,20732.55
Family Practice,WESTMINSTER,20178.82
Family Practice,WESTMINSTER,19580.05
Family Practice,WESTMINSTER,17672.82
Family Practice,WESTMINSTER,16460.95
Internal Medicine,WESTMINSTER,15597.26
Family Practice,WESTMINSTER,14871.35
Family Practice,WESTMINSTER,14374.20
General Surgery,WESTMINSTER,14341.19
Family Practice,WESTMINSTER,14318.54
Family Practice,WESTMINSTER,14262.87
Clinical Psychologist,WESTMINSTER,13703.70
Family Practice,WESTMINSTER,13579.49
Orthopedic Surgery,WESTMINSTER,13441.81
Family Practice,WESTMINSTER,13177.19
Nurse Practitioner,WESTMINSTER,12791.10
Psychiatry,WESTMINSTER,11502.25
Family Practice,WESTMINSTER,11293.33
Family Practice,WESTMINSTER,11069.53
Family Practice,WESTMINSTER,10994.40
Family Practice,WESTMINSTER,10993.08
Chiropractic,WESTMINSTER,10915.30
Internal Medicine,WESTMINSTER,10909.48
Optometry,WESTMINSTER,10627.78
Family Practice,WESTMINSTER,10607.83
Chiropractic,WESTMINSTER,10295.97
Physician Assistant,WESTMINSTER,9515.09
Mass Immunization Roster Biller,WESTMINSTER,8220.11
Family Practice,WESTMINSTER,8017.59
Nurse Practitioner,WESTMINSTER,7781.99
Mass Immunization Roster Biller,WESTMINSTER,7711.07
Family Practice,WESTMINSTER,7239.59
Family Practice,WESTMINSTER,7160.30
Chiropractic,WESTMINSTER,7150.83
Multispecialty Clinic/Group Practice,WESTMINSTER,7076.31
Physical Therapist,WESTMINSTER,5791.01
Psychiatry,WESTMINSTER,5614.03
Physician Assistant,WESTMINSTER,5456.85
Chiropractic,WESTMINSTER,5264.32
Chiropractic,WESTMINSTER,5231.51
Physician Assistant,WESTMINSTER,5170.12
Mass Immunization Roster Biller,WESTMINSTER,4924.29
Mass Immunization Roster Biller,WESTMINSTER,4626.82
Physician Assistant,WESTMINSTER,4178.28
Mass Immunization Roster Biller,WESTMINSTER,3932.44
Physician Assistant,WESTMINSTER,3496.74
Physician Assistant,WESTMINSTER,3463.23
Optometry,WESTMINSTER,3181.48
Family Practice,WESTMINSTER,2980.90
Nurse Practitioner,WESTMINSTER,2923.31
Optometry,WESTMINSTER,2591.98
Psychiatry,WESTMINSTER,2102.35
Optometry,WESTMINSTER,1886.58
Family Practice,WESTMINSTER,1798.80
Psychiatry,WESTMINSTER,1571.08
Mass Immunization Roster Biller,WESTMINSTER,1449.21
Obstetrics/Gynecology,WESTMINSTER,1436.59
Mass Immunization Roster Biller,WESTMINSTER,1370.82
Mass Immunization Roster Biller,WESTMINSTER,1318.00
Clinical Psychologist,WESTMINSTER,1277.16
Mass Immunization Roster Biller,WESTMINSTER,1275.14
Optometry,WESTMINSTER,1200.97
Clinical Laboratory,WESTMINSTER,990.37
Optometry,WESTMINSTER,900.07
Mass Immunization Roster Biller,WESTMINSTER,770.46
Mass Immunization Roster Biller,WESTMINSTER,716.56
Clinical Laboratory,WESTMINSTER,399.00
Optometry,WESTMINSTER,235.32
Family Practice,WESTMINSTER,45.00
